state,business_activity,loss_type,period,milliliter,unit
AL,DISTRIBUTOR,PACKAGING DISCREPANCY,2019,0.0,0.0
AL,DISTRIBUTOR,PACKAGING DISCREPANCY,2020,0.0,6.0
AL,DISTRIBUTOR,PACKAGING DISCREPANCY,2021,0.0,0.0
AL,DISTRIBUTOR,PACKAGING DISCREPANCY,JAN-SEP 2022,0.0,0.0
AL,PHARMACY,BREAK-IN/BURGLARY,2019,118.0,5640.0
AL,PHARMACY,BREAK-IN/BURGLARY,2020,0.0,0.0
AL,PHARMACY,BREAK-IN/BURGLARY,2021,0.0,0.0
AL,PHARMACY,BREAK-IN/BURGLARY,JAN-SEP 2022,2005.0,0.0
AL,PHARMACY,LOSS IN TRANSIT,2019,0.0,0.0
AL,PHARMACY,LOSS IN TRANSIT,2020,0.0,0.0
AL,PHARMACY,LOSS IN TRANSIT,2021,0.0,96.0
AL,PHARMACY,LOSS IN TRANSIT,JAN-SEP 2022,0.0,0.0
AL,PHARMACY,PACKAGING DISCREPANCY,2019,0.0,0.0
AL,PHARMACY,PACKAGING DISCREPANCY,2020,0.0,60.0
AL,PHARMACY,PACKAGING DISCREPANCY,2021,0.0,0.0
AL,PHARMACY,PACKAGING DISCREPANCY,JAN-SEP 2022,0.0,0.0
AR,PHARMACY,EMPLOYEE THEFT (OR SUSPECTED),2019,0.0,0.0
AR,PHARMACY,EMPLOYEE THEFT (OR SUSPECTED),2020,0.0,68.0
AR,PHARMACY,EMPLOYEE THEFT (OR SUSPECTED),2021,0.0,0.0
AR,PHARMACY,EMPLOYEE THEFT (OR SUSPECTED),JAN-SEP 2022,0.0,0.0
AR,PHARMACY,LOSS IN TRANSIT,2019,0.0,0.0
AR,PHARMACY,LOSS IN TRANSIT,2020,0.0,1.0
AR,PHARMACY,LOSS IN TRANSIT,2021,0.0,0.0
AR,PHARMACY,LOSS IN TRANSIT,JAN-SEP 2022,0.0,0.0
AZ,CHEMICAL DISTRIBUTOR,PACKAGING DISCREPANCY,2019,0.0,24.0
AZ,CHEMICAL DISTRIBUTOR,PACKAGING DISCREPANCY,2020,0.0,0.0
AZ,CHEMICAL DISTRIBUTOR,PACKAGING DISCREPANCY,2021,0.0,0.0
AZ,CHEMICAL DISTRIBUTOR,PACKAGING DISCREPANCY,JAN-SEP 2022,0.0,0.0
AZ,DISTRIBUTOR,HIJACKING OF TRANSPORT VEHICLE,2019,0.0,0.0
AZ,DISTRIBUTOR,HIJACKING OF TRANSPORT VEHICLE,2020,0.0,0.0
AZ,DISTRIBUTOR,HIJACKING OF TRANSPORT VEHICLE,2021,0.0,96.0
AZ,DISTRIBUTOR,HIJACKING OF TRANSPORT VEHICLE,JAN-SEP 2022,0.0,0.0
AZ,DISTRIBUTOR,LOSS IN TRANSIT,2019,0.0,0.0
AZ,DISTRIBUTOR,LOSS IN TRANSIT,2020,3540.0,145.0
AZ,DISTRIBUTOR,LOSS IN TRANSIT,2021,0.0,0.0
AZ,DISTRIBUTOR,LOSS IN TRANSIT,JAN-SEP 2022,0.0,0.0
AZ,DISTRIBUTOR,PACKAGING DISCREPANCY,2019,0.0,0.0
AZ,DISTRIBUTOR,PACKAGING DISCREPANCY,2020,0.0,0.0
AZ,DISTRIBUTOR,PACKAGING DISCREPANCY,2021,0.0,0.0
AZ,DISTRIBUTOR,PACKAGING DISCREPANCY,JAN-SEP 2022,0.0,2160.0
AZ,PHARMACY,EMPLOYEE THEFT (OR SUSPECTED),2019,0.0,0.0
AZ,PHARMACY,EMPLOYEE THEFT (OR SUSPECTED),2020,0.0,0.0
AZ,PHARMACY,EMPLOYEE THEFT (OR SUSPECTED),2021,0.0,0.0
AZ,PHARMACY,EMPLOYEE THEFT (OR SUSPECTED),JAN-SEP 2022,0.0,42.0
CA,CHEMICAL DISTRIBUTOR,PACKAGING DISCREPANCY,2019,0.0,0.0
CA,CHEMICAL DISTRIBUTOR,PACKAGING DISCREPANCY,2020,0.0,0.001769
CA,CHEMICAL DISTRIBUTOR,PACKAGING DISCREPANCY,2021,0.0,0.0
CA,CHEMICAL DISTRIBUTOR,PACKAGING DISCREPANCY,JAN-SEP 2022,0.0,0.0
CA,DISTRIBUTOR,LOSS IN TRANSIT,2019,0.0,53760.0
CA,DISTRIBUTOR,LOSS IN TRANSIT,2020,2365.0,1403.0
CA,DISTRIBUTOR,LOSS IN TRANSIT,2021,118.0,2091.0
CA,DISTRIBUTOR,LOSS IN TRANSIT,JAN-SEP 2022,8.0,1319.0
CA,DISTRIBUTOR,PACKAGING DISCREPANCY,2019,0.0,0.0
CA,DISTRIBUTOR,PACKAGING DISCREPANCY,2020,0.0,30.0
CA,DISTRIBUTOR,PACKAGING DISCREPANCY,2021,0.0,92.0
CA,DISTRIBUTOR,PACKAGING DISCREPANCY,JAN-SEP 2022,0.0,891.0
CA,MANUFACTURER,EMPLOYEE THEFT (OR SUSPECTED),2019,0.0,0.0
CA,MANUFACTURER,EMPLOYEE THEFT (OR SUSPECTED),2020,0.0,0.0
CA,MANUFACTURER,EMPLOYEE THEFT (OR SUSPECTED),2021,10.0,0.0
CA,MANUFACTURER,EMPLOYEE THEFT (OR SUSPECTED),JAN-SEP 2022,0.0,0.0
CA,MANUFACTURER,LOSS IN TRANSIT,2019,0.0,0.0
CA,MANUFACTURER,LOSS IN TRANSIT,2020,0.0,0.0
CA,MANUFACTURER,LOSS IN TRANSIT,2021,0.0,0.0
CA,MANUFACTURER,LOSS IN TRANSIT,JAN-SEP 2022,1250.0,0.0
CA,PHARMACY,BREAK-IN/BURGLARY,2019,0.0,0.0
CA,PHARMACY,BREAK-IN/BURGLARY,2020,1674.0,15002.0
CA,PHARMACY,BREAK-IN/BURGLARY,2021,0.0,690.0
CA,PHARMACY,BREAK-IN/BURGLARY,JAN-SEP 2022,240.0,0.0
CA,PHARMACY,CUSTOMER THEFT (OR NON EMPLOYEE),2019,0.0,0.0
CA,PHARMACY,CUSTOMER THEFT (OR NON EMPLOYEE),2020,0.0,7.0
CA,PHARMACY,CUSTOMER THEFT (OR NON EMPLOYEE),2021,0.0,0.0
CA,PHARMACY,CUSTOMER THEFT (OR NON EMPLOYEE),JAN-SEP 2022,0.0,0.0
CA,PHARMACY,EMPLOYEE THEFT (OR SUSPECTED),2019,0.0,0.0
CA,PHARMACY,EMPLOYEE THEFT (OR SUSPECTED),2020,0.0,0.0
CA,PHARMACY,EMPLOYEE THEFT (OR SUSPECTED),2021,0.0,0.0
CA,PHARMACY,EMPLOYEE THEFT (OR SUSPECTED),JAN-SEP 2022,0.0,19.0
CA,PHARMACY,LOSS IN TRANSIT,2019,0.0,0.0
CA,PHARMACY,LOSS IN TRANSIT,2020,0.0,0.0
CA,PHARMACY,LOSS IN TRANSIT,2021,0.0,40.0
CA,PHARMACY,LOSS IN TRANSIT,JAN-SEP 2022,0.0,10.0
CA,PHARMACY,PACKAGING DISCREPANCY,2019,0.0,0.0
CA,PHARMACY,PACKAGING DISCREPANCY,2020,314.0,0.0
CA,PHARMACY,PACKAGING DISCREPANCY,2021,63.0,0.0
CA,PHARMACY,PACKAGING DISCREPANCY,JAN-SEP 2022,0.0,0.0
CA,PHARMACY,ROBBERY,2019,0.0,0.0
CA,PHARMACY,ROBBERY,2020,0.0,0.0
CA,PHARMACY,ROBBERY,2021,0.0,0.0
CA,PHARMACY,ROBBERY,JAN-SEP 2022,0.0,84.0
CO,DISTRIBUTOR,EMPLOYEE THEFT (OR SUSPECTED),2019,0.0,0.0
CO,DISTRIBUTOR,EMPLOYEE THEFT (OR SUSPECTED),2020,0.0,576.0
CO,DISTRIBUTOR,EMPLOYEE THEFT (OR SUSPECTED),2021,0.0,0.0
CO,DISTRIBUTOR,EMPLOYEE THEFT (OR SUSPECTED),JAN-SEP 2022,0.0,0.0
CO,DISTRIBUTOR,HIJACKING OF TRANSPORT VEHICLE,2019,0.0,12720.0
CO,DISTRIBUTOR,HIJACKING OF TRANSPORT VEHICLE,2020,0.0,0.0
CO,DISTRIBUTOR,HIJACKING OF TRANSPORT VEHICLE,2021,0.0,0.0
CO,DISTRIBUTOR,HIJACKING OF TRANSPORT VEHICLE,JAN-SEP 2022,0.0,0.0
CO,DISTRIBUTOR,LOSS IN TRANSIT,2019,0.0,0.0
CO,DISTRIBUTOR,LOSS IN TRANSIT,2020,0.0,0.0
CO,DISTRIBUTOR,LOSS IN TRANSIT,2021,0.0,0.0
CO,DISTRIBUTOR,LOSS IN TRANSIT,JAN-SEP 2022,1888.0,0.0
CO,DISTRIBUTOR,PACKAGING DISCREPANCY,2019,0.0,0.0
CO,DISTRIBUTOR,PACKAGING DISCREPANCY,2020,0.0,576.0
CO,DISTRIBUTOR,PACKAGING DISCREPANCY,2021,0.0,0.0
CO,DISTRIBUTOR,PACKAGING DISCREPANCY,JAN-SEP 2022,0.0,0.0
CO,PHARMACY,BREAK-IN/BURGLARY,2019,960.0,0.0
CO,PHARMACY,BREAK-IN/BURGLARY,2020,0.0,0.0
CO,PHARMACY,BREAK-IN/BURGLARY,2021,0.0,0.0
CO,PHARMACY,BREAK-IN/BURGLARY,JAN-SEP 2022,0.0,0.0
FL,DISTRIBUTOR,LOSS IN TRANSIT,2019,0.0,653.0
FL,DISTRIBUTOR,LOSS IN TRANSIT,2020,0.0,30.0
FL,DISTRIBUTOR,LOSS IN TRANSIT,2021,10.0,3544.0
FL,DISTRIBUTOR,LOSS IN TRANSIT,JAN-SEP 2022,12.0,6120.0
FL,DISTRIBUTOR,PACKAGING DISCREPANCY,2019,0.0,0.0
FL,DISTRIBUTOR,PACKAGING DISCREPANCY,2020,0.0,10.0
FL,DISTRIBUTOR,PACKAGING DISCREPANCY,2021,0.0,888.0
FL,DISTRIBUTOR,PACKAGING DISCREPANCY,JAN-SEP 2022,0.0,400.0
FL,PHARMACY,EMPLOYEE THEFT (OR SUSPECTED),2019,0.0,0.0
FL,PHARMACY,EMPLOYEE THEFT (OR SUSPECTED),2020,0.0,0.0
FL,PHARMACY,EMPLOYEE THEFT (OR SUSPECTED),2021,0.0,0.0
FL,PHARMACY,EMPLOYEE THEFT (OR SUSPECTED),JAN-SEP 2022,0.0,337.0
FL,PHARMACY,LOSS IN TRANSIT,2019,0.0,3600.0
FL,PHARMACY,LOSS IN TRANSIT,2020,0.0,0.0
FL,PHARMACY,LOSS IN TRANSIT,2021,0.0,60.0
FL,PHARMACY,LOSS IN TRANSIT,JAN-SEP 2022,0.0,473.0
GA,CHEMICAL DISTRIBUTOR,LOSS IN TRANSIT,2019,0.0,0.042467
GA,CHEMICAL DISTRIBUTOR,LOSS IN TRANSIT,2020,0.0,24.0
GA,CHEMICAL DISTRIBUTOR,LOSS IN TRANSIT,2021,0.0,0.0
GA,CHEMICAL DISTRIBUTOR,LOSS IN TRANSIT,JAN-SEP 2022,0.0,0.0
GA,DISTRIBUTOR,PACKAGING DISCREPANCY,2019,0.0,0.0
GA,DISTRIBUTOR,PACKAGING DISCREPANCY,2020,0.0,0.0
GA,DISTRIBUTOR,PACKAGING DISCREPANCY,2021,1892.0,0.0
GA,DISTRIBUTOR,PACKAGING DISCREPANCY,JAN-SEP 2022,0.0,0.0
GA,PHARMACY,BREAK-IN/BURGLARY,2019,0.0,5.0
GA,PHARMACY,BREAK-IN/BURGLARY,2020,0.0,0.0
GA,PHARMACY,BREAK-IN/BURGLARY,2021,0.0,0.0
GA,PHARMACY,BREAK-IN/BURGLARY,JAN-SEP 2022,1757.0,0.0
GA,PHARMACY,CUSTOMER THEFT (OR NON EMPLOYEE),2019,0.0,0.0
GA,PHARMACY,CUSTOMER THEFT (OR NON EMPLOYEE),2020,0.0,24.0
GA,PHARMACY,CUSTOMER THEFT (OR NON EMPLOYEE),2021,0.0,0.0
GA,PHARMACY,CUSTOMER THEFT (OR NON EMPLOYEE),JAN-SEP 2022,0.0,0.0
GA,PHARMACY,EMPLOYEE THEFT (OR SUSPECTED),2019,0.0,0.0
GA,PHARMACY,EMPLOYEE THEFT (OR SUSPECTED),2020,0.0,0.0
GA,PHARMACY,EMPLOYEE THEFT (OR SUSPECTED),2021,0.0,0.0
GA,PHARMACY,EMPLOYEE THEFT (OR SUSPECTED),JAN-SEP 2022,0.0,6.0
GA,PHARMACY,LOSS IN TRANSIT,2019,0.0,91.0
GA,PHARMACY,LOSS IN TRANSIT,2020,0.0,128.0
GA,PHARMACY,LOSS IN TRANSIT,2021,0.0,48.0
GA,PHARMACY,LOSS IN TRANSIT,JAN-SEP 2022,0.0,45.0
HI,DISTRIBUTOR,LOSS IN TRANSIT,2019,0.0,0.0
HI,DISTRIBUTOR,LOSS IN TRANSIT,2020,0.0,0.0
HI,DISTRIBUTOR,LOSS IN TRANSIT,2021,0.0,300.0
HI,DISTRIBUTOR,LOSS IN TRANSIT,JAN-SEP 2022,0.0,23.0
HI,DISTRIBUTOR,PACKAGING DISCREPANCY,2019,0.0,0.0
HI,DISTRIBUTOR,PACKAGING DISCREPANCY,2020,0.0,0.0
HI,DISTRIBUTOR,PACKAGING DISCREPANCY,2021,0.0,144.0
HI,DISTRIBUTOR,PACKAGING DISCREPANCY,JAN-SEP 2022,0.0,312.0
IA,DISTRIBUTOR,LOSS IN TRANSIT,2019,0.0,0.0
IA,DISTRIBUTOR,LOSS IN TRANSIT,2020,0.0,0.0
IA,DISTRIBUTOR,LOSS IN TRANSIT,2021,6149.0,816.0
IA,DISTRIBUTOR,LOSS IN TRANSIT,JAN-SEP 2022,0.0,0.0
IA,PHARMACY,PACKAGING DISCREPANCY,2019,0.0,2400.0
IA,PHARMACY,PACKAGING DISCREPANCY,2020,0.0,0.0
IA,PHARMACY,PACKAGING DISCREPANCY,2021,0.0,0.0
IA,PHARMACY,PACKAGING DISCREPANCY,JAN-SEP 2022,0.0,0.0
ID,CHEMICAL DISTRIBUTOR,LOSS IN TRANSIT,2019,0.0,0.0
ID,CHEMICAL DISTRIBUTOR,LOSS IN TRANSIT,2020,0.0,0.0
ID,CHEMICAL DISTRIBUTOR,LOSS IN TRANSIT,2021,0.0,0.0
ID,CHEMICAL DISTRIBUTOR,LOSS IN TRANSIT,JAN-SEP 2022,0.0,24.0
ID,DISTRIBUTOR,LOSS IN TRANSIT,2019,0.0,0.0
ID,DISTRIBUTOR,LOSS IN TRANSIT,2020,0.0,0.0
ID,DISTRIBUTOR,LOSS IN TRANSIT,2021,0.0,60.0
ID,DISTRIBUTOR,LOSS IN TRANSIT,JAN-SEP 2022,0.0,0.0
IL,CHEMICAL DISTRIBUTOR,LOSS IN TRANSIT,2019,0.0,0.0
IL,CHEMICAL DISTRIBUTOR,LOSS IN TRANSIT,2020,0.0,0.0
IL,CHEMICAL DISTRIBUTOR,LOSS IN TRANSIT,2021,0.0,6.0
IL,CHEMICAL DISTRIBUTOR,LOSS IN TRANSIT,JAN-SEP 2022,0.0,0.0
IL,CHEMICAL DISTRIBUTOR,PACKAGING DISCREPANCY,2019,0.0,4.0
IL,CHEMICAL DISTRIBUTOR,PACKAGING DISCREPANCY,2020,0.0,0.0
IL,CHEMICAL DISTRIBUTOR,PACKAGING DISCREPANCY,2021,0.0,0.0
IL,CHEMICAL DISTRIBUTOR,PACKAGING DISCREPANCY,JAN-SEP 2022,0.0,0.0
IL,DISTRIBUTOR,LOSS IN TRANSIT,2019,0.0,0.0
IL,DISTRIBUTOR,LOSS IN TRANSIT,2020,0.0,30.0
IL,DISTRIBUTOR,LOSS IN TRANSIT,2021,260.0,0.0
IL,DISTRIBUTOR,LOSS IN TRANSIT,JAN-SEP 2022,0.0,0.0
IL,PHARMACY,BREAK-IN/BURGLARY,2019,0.0,0.0
IL,PHARMACY,BREAK-IN/BURGLARY,2020,7733.0,34744.0
IL,PHARMACY,BREAK-IN/BURGLARY,2021,673.0,0.0
IL,PHARMACY,BREAK-IN/BURGLARY,JAN-SEP 2022,0.0,24.0
IL,PHARMACY,EMPLOYEE THEFT (OR SUSPECTED),2019,0.0,0.0
IL,PHARMACY,EMPLOYEE THEFT (OR SUSPECTED),2020,0.0,0.0
IL,PHARMACY,EMPLOYEE THEFT (OR SUSPECTED),2021,0.0,0.0
IL,PHARMACY,EMPLOYEE THEFT (OR SUSPECTED),JAN-SEP 2022,0.0,22.0
IL,PHARMACY,LOSS IN TRANSIT,2019,0.0,2880.0
IL,PHARMACY,LOSS IN TRANSIT,2020,0.0,0.0
IL,PHARMACY,LOSS IN TRANSIT,2021,0.0,48.0
IL,PHARMACY,LOSS IN TRANSIT,JAN-SEP 2022,0.0,116.0
IL,PHARMACY,PACKAGING DISCREPANCY,2019,0.0,0.0
IL,PHARMACY,PACKAGING DISCREPANCY,2020,0.0,0.0
IL,PHARMACY,PACKAGING DISCREPANCY,2021,0.0,0.0
IL,PHARMACY,PACKAGING DISCREPANCY,JAN-SEP 2022,738.0,0.0
IL,PHARMACY,ROBBERY,2019,0.0,0.0
IL,PHARMACY,ROBBERY,2020,253.0,277.0
IL,PHARMACY,ROBBERY,2021,0.0,0.0
IL,PHARMACY,ROBBERY,JAN-SEP 2022,0.0,40.0
IL,REVERSE DISTRIBUTOR,LOSS IN TRANSIT,2019,0.0,0.0
IL,REVERSE DISTRIBUTOR,LOSS IN TRANSIT,2020,0.0,0.0
IL,REVERSE DISTRIBUTOR,LOSS IN TRANSIT,2021,0.0,0.0
IL,REVERSE DISTRIBUTOR,LOSS IN TRANSIT,JAN-SEP 2022,4.0,0.0
IN,CHEMICAL DISTRIBUTOR,LOSS IN TRANSIT,2019,0.0,0.0
IN,CHEMICAL DISTRIBUTOR,LOSS IN TRANSIT,2020,0.0,0.0
IN,CHEMICAL DISTRIBUTOR,LOSS IN TRANSIT,2021,0.0,0.0
IN,CHEMICAL DISTRIBUTOR,LOSS IN TRANSIT,JAN-SEP 2022,0.0,0.000885
IN,DISTRIBUTOR,LOSS IN TRANSIT,2019,0.0,0.0
IN,DISTRIBUTOR,LOSS IN TRANSIT,2020,236.0,10.0
IN,DISTRIBUTOR,LOSS IN TRANSIT,2021,0.0,644.0
IN,DISTRIBUTOR,LOSS IN TRANSIT,JAN-SEP 2022,0.0,228.0
IN,DISTRIBUTOR,PACKAGING DISCREPANCY,2019,0.0,324.0
IN,DISTRIBUTOR,PACKAGING DISCREPANCY,2020,0.0,20.0
IN,DISTRIBUTOR,PACKAGING DISCREPANCY,2021,0.0,35.0
IN,DISTRIBUTOR,PACKAGING DISCREPANCY,JAN-SEP 2022,0.0,15.0
IN,PHARMACY,BREAK-IN/BURGLARY,2019,0.0,0.0
IN,PHARMACY,BREAK-IN/BURGLARY,2020,0.0,292.0
IN,PHARMACY,BREAK-IN/BURGLARY,2021,0.0,0.0
IN,PHARMACY,BREAK-IN/BURGLARY,JAN-SEP 2022,0.0,0.0
IN,PHARMACY,LOSS IN TRANSIT,2019,0.0,0.0
IN,PHARMACY,LOSS IN TRANSIT,2020,0.0,0.0
IN,PHARMACY,LOSS IN TRANSIT,2021,0.0,10.0
IN,PHARMACY,LOSS IN TRANSIT,JAN-SEP 2022,0.0,60.0
KS,MANUFACTURER,LOSS IN TRANSIT,2019,0.0,0.0
KS,MANUFACTURER,LOSS IN TRANSIT,2020,150.0,0.0
KS,MANUFACTURER,LOSS IN TRANSIT,2021,0.0,0.0
KS,MANUFACTURER,LOSS IN TRANSIT,JAN-SEP 2022,0.0,0.0
KS,PHARMACY,LOSS IN TRANSIT,2019,0.0,0.0
KS,PHARMACY,LOSS IN TRANSIT,2020,0.0,0.0
KS,PHARMACY,LOSS IN TRANSIT,2021,0.0,0.0
KS,PHARMACY,LOSS IN TRANSIT,JAN-SEP 2022,0.0,702.0
KS,PHARMACY,ROBBERY,2019,0.0,0.0
KS,PHARMACY,ROBBERY,2020,0.0,0.0
KS,PHARMACY,ROBBERY,2021,0.0,48.0
KS,PHARMACY,ROBBERY,JAN-SEP 2022,0.0,0.0
KY,DISTRIBUTOR,LOSS IN TRANSIT,2019,0.0,0.0
KY,DISTRIBUTOR,LOSS IN TRANSIT,2020,0.0,0.0
KY,DISTRIBUTOR,LOSS IN TRANSIT,2021,3784.0,0.0
KY,DISTRIBUTOR,LOSS IN TRANSIT,JAN-SEP 2022,0.0,0.0
KY,DISTRIBUTOR,PACKAGING DISCREPANCY,2019,0.0,1008.0
KY,DISTRIBUTOR,PACKAGING DISCREPANCY,2020,5676.0,0.0
KY,DISTRIBUTOR,PACKAGING DISCREPANCY,2021,0.0,0.0
KY,DISTRIBUTOR,PACKAGING DISCREPANCY,JAN-SEP 2022,12.0,0.0
KY,PHARMACY,BREAK-IN/BURGLARY,2019,0.0,0.0
KY,PHARMACY,BREAK-IN/BURGLARY,2020,10.0,750.0
KY,PHARMACY,BREAK-IN/BURGLARY,2021,0.0,0.0
KY,PHARMACY,BREAK-IN/BURGLARY,JAN-SEP 2022,0.0,0.0
KY,PHARMACY,CUSTOMER THEFT (OR NON EMPLOYEE),2019,0.0,0.0
KY,PHARMACY,CUSTOMER THEFT (OR NON EMPLOYEE),2020,0.0,0.0
KY,PHARMACY,CUSTOMER THEFT (OR NON EMPLOYEE),2021,0.0,96.0
KY,PHARMACY,CUSTOMER THEFT (OR NON EMPLOYEE),JAN-SEP 2022,0.0,0.0
KY,PHARMACY,EMPLOYEE THEFT (OR SUSPECTED),2019,0.0,0.0
KY,PHARMACY,EMPLOYEE THEFT (OR SUSPECTED),2020,0.0,0.0
KY,PHARMACY,EMPLOYEE THEFT (OR SUSPECTED),2021,0.0,0.0
KY,PHARMACY,EMPLOYEE THEFT (OR SUSPECTED),JAN-SEP 2022,0.0,121.0
LA,PHARMACY,"DISASTER (FIRE, WEATHER, ETC.)",2019,0.0,0.0
LA,PHARMACY,"DISASTER (FIRE, WEATHER, ETC.)",2020,3724.0,4027.0
LA,PHARMACY,"DISASTER (FIRE, WEATHER, ETC.)",2021,0.0,0.0
LA,PHARMACY,"DISASTER (FIRE, WEATHER, ETC.)",JAN-SEP 2022,0.0,0.0
MA,DISTRIBUTOR,LOSS IN TRANSIT,2019,0.0,0.0
MA,DISTRIBUTOR,LOSS IN TRANSIT,2020,0.0,480.0
MA,DISTRIBUTOR,LOSS IN TRANSIT,2021,0.0,0.0
MA,DISTRIBUTOR,LOSS IN TRANSIT,JAN-SEP 2022,0.0,0.0
MA,PHARMACY,LOSS IN TRANSIT,2019,0.0,0.0
MA,PHARMACY,LOSS IN TRANSIT,2020,0.0,0.0
MA,PHARMACY,LOSS IN TRANSIT,2021,0.0,24.0
MA,PHARMACY,LOSS IN TRANSIT,JAN-SEP 2022,0.0,0.0
MD,CHEMICAL DISTRIBUTOR,LOSS IN TRANSIT,2019,0.0,0.58
MD,CHEMICAL DISTRIBUTOR,LOSS IN TRANSIT,2020,0.0,0.0
MD,CHEMICAL DISTRIBUTOR,LOSS IN TRANSIT,2021,0.0,0.0
MD,CHEMICAL DISTRIBUTOR,LOSS IN TRANSIT,JAN-SEP 2022,0.0,0.0
MD,PHARMACY,EMPLOYEE THEFT (OR SUSPECTED),2019,0.0,0.0
MD,PHARMACY,EMPLOYEE THEFT (OR SUSPECTED),2020,0.0,0.0
MD,PHARMACY,EMPLOYEE THEFT (OR SUSPECTED),2021,0.0,0.0
MD,PHARMACY,EMPLOYEE THEFT (OR SUSPECTED),JAN-SEP 2022,0.0,539.0
MD,PHARMACY,ROBBERY,2019,0.0,0.0
MD,PHARMACY,ROBBERY,2020,0.0,0.0
MD,PHARMACY,ROBBERY,2021,1400.0,0.0
MD,PHARMACY,ROBBERY,JAN-SEP 2022,354.0,0.0
MI,CHEMICAL DISTRIBUTOR,LOSS IN TRANSIT,2019,0.0,2401.6319999999996
MI,CHEMICAL DISTRIBUTOR,LOSS IN TRANSIT,2020,0.0,23076.0
MI,CHEMICAL DISTRIBUTOR,LOSS IN TRANSIT,2021,0.0,480.0
MI,CHEMICAL DISTRIBUTOR,LOSS IN TRANSIT,JAN-SEP 2022,0.0,48.0
MI,HOSPITAL,EMPLOYEE THEFT (OR SUSPECTED),2019,0.0,0.0
MI,HOSPITAL,EMPLOYEE THEFT (OR SUSPECTED),2020,0.0,0.0
MI,HOSPITAL,EMPLOYEE THEFT (OR SUSPECTED),2021,3.0,0.0
MI,HOSPITAL,EMPLOYEE THEFT (OR SUSPECTED),JAN-SEP 2022,0.0,0.0
MI,PHARMACY,EMPLOYEE THEFT (OR SUSPECTED),2019,0.0,0.0
MI,PHARMACY,EMPLOYEE THEFT (OR SUSPECTED),2020,0.0,0.0
MI,PHARMACY,EMPLOYEE THEFT (OR SUSPECTED),2021,0.0,0.0
MI,PHARMACY,EMPLOYEE THEFT (OR SUSPECTED),JAN-SEP 2022,0.0,148.0
MI,PHARMACY,LOSS IN TRANSIT,2019,0.0,0.0
MI,PHARMACY,LOSS IN TRANSIT,2020,0.0,0.0
MI,PHARMACY,LOSS IN TRANSIT,2021,0.0,0.0
MI,PHARMACY,LOSS IN TRANSIT,JAN-SEP 2022,0.0,30.0
MN,DISTRIBUTOR,LOSS IN TRANSIT,2019,0.0,0.0
MN,DISTRIBUTOR,LOSS IN TRANSIT,2020,0.0,0.0
MN,DISTRIBUTOR,LOSS IN TRANSIT,2021,0.0,177.0
MN,DISTRIBUTOR,LOSS IN TRANSIT,JAN-SEP 2022,0.0,0.0
MN,PHARMACY,BREAK-IN/BURGLARY,2019,0.0,0.0
MN,PHARMACY,BREAK-IN/BURGLARY,2020,1440.0,11506.0
MN,PHARMACY,BREAK-IN/BURGLARY,2021,0.0,0.0
MN,PHARMACY,BREAK-IN/BURGLARY,JAN-SEP 2022,0.0,0.0
MN,PHARMACY,EMPLOYEE THEFT (OR SUSPECTED),2019,0.0,0.0
MN,PHARMACY,EMPLOYEE THEFT (OR SUSPECTED),2020,0.0,0.0
MN,PHARMACY,EMPLOYEE THEFT (OR SUSPECTED),2021,0.0,50.0
MN,PHARMACY,EMPLOYEE THEFT (OR SUSPECTED),JAN-SEP 2022,0.0,0.0
MN,PHARMACY,LOSS IN TRANSIT,2019,0.0,0.0
MN,PHARMACY,LOSS IN TRANSIT,2020,0.0,0.0
MN,PHARMACY,LOSS IN TRANSIT,2021,0.0,0.0
MN,PHARMACY,LOSS IN TRANSIT,JAN-SEP 2022,0.0,36.0
MO,CHEMICAL DISTRIBUTOR,LOSS IN TRANSIT,2019,0.0,0.0
MO,CHEMICAL DISTRIBUTOR,LOSS IN TRANSIT,2020,0.0,0.0
MO,CHEMICAL DISTRIBUTOR,LOSS IN TRANSIT,2021,0.0,0.27638
MO,CHEMICAL DISTRIBUTOR,LOSS IN TRANSIT,JAN-SEP 2022,0.0,0.0
MO,DISTRIBUTOR,LOSS IN TRANSIT,2019,0.0,129858.0
MO,DISTRIBUTOR,LOSS IN TRANSIT,2020,0.0,0.0
MO,DISTRIBUTOR,LOSS IN TRANSIT,2021,0.0,1812.0
MO,DISTRIBUTOR,LOSS IN TRANSIT,JAN-SEP 2022,0.0,2274.0
MO,DISTRIBUTOR,PACKAGING DISCREPANCY,2019,0.0,0.0
MO,DISTRIBUTOR,PACKAGING DISCREPANCY,2020,0.0,0.0
MO,DISTRIBUTOR,PACKAGING DISCREPANCY,2021,0.0,20.0
MO,DISTRIBUTOR,PACKAGING DISCREPANCY,JAN-SEP 2022,0.0,0.0
MO,PHARMACY,"DISASTER (FIRE, WEATHER, ETC.)",2019,0.0,0.0
MO,PHARMACY,"DISASTER (FIRE, WEATHER, ETC.)",2020,0.0,0.0
MO,PHARMACY,"DISASTER (FIRE, WEATHER, ETC.)",2021,0.0,0.0
MO,PHARMACY,"DISASTER (FIRE, WEATHER, ETC.)",JAN-SEP 2022,236.0,3673.0
MO,PHARMACY,EMPLOYEE THEFT (OR SUSPECTED),2019,0.0,125440.0
MO,PHARMACY,EMPLOYEE THEFT (OR SUSPECTED),2020,0.0,0.0
MO,PHARMACY,EMPLOYEE THEFT (OR SUSPECTED),2021,0.0,0.0
MO,PHARMACY,EMPLOYEE THEFT (OR SUSPECTED),JAN-SEP 2022,0.0,0.0
MO,PHARMACY,LOSS IN TRANSIT,2019,0.0,91.0
MO,PHARMACY,LOSS IN TRANSIT,2020,0.0,48.0
MO,PHARMACY,LOSS IN TRANSIT,2021,0.0,0.0
MO,PHARMACY,LOSS IN TRANSIT,JAN-SEP 2022,0.0,0.0
MS,DISTRIBUTOR,LOSS IN TRANSIT,2019,0.0,0.0
MS,DISTRIBUTOR,LOSS IN TRANSIT,2020,0.0,0.0
MS,DISTRIBUTOR,LOSS IN TRANSIT,2021,5794.0,104.0
MS,DISTRIBUTOR,LOSS IN TRANSIT,JAN-SEP 2022,118.0,14400.0
MS,DISTRIBUTOR,PACKAGING DISCREPANCY,2019,0.0,0.0
MS,DISTRIBUTOR,PACKAGING DISCREPANCY,2020,0.0,0.0
MS,DISTRIBUTOR,PACKAGING DISCREPANCY,2021,3903.0,5531.0
MS,DISTRIBUTOR,PACKAGING DISCREPANCY,JAN-SEP 2022,4257.0,100.0
MT,PHARMACY,EMPLOYEE THEFT (OR SUSPECTED),2019,0.0,0.0
MT,PHARMACY,EMPLOYEE THEFT (OR SUSPECTED),2020,0.0,0.0
MT,PHARMACY,EMPLOYEE THEFT (OR SUSPECTED),2021,0.0,20.0
MT,PHARMACY,EMPLOYEE THEFT (OR SUSPECTED),JAN-SEP 2022,0.0,0.0
NC,PHARMACY,EMPLOYEE THEFT (OR SUSPECTED),2019,0.0,0.0
NC,PHARMACY,EMPLOYEE THEFT (OR SUSPECTED),2020,0.0,0.0
NC,PHARMACY,EMPLOYEE THEFT (OR SUSPECTED),2021,0.0,0.0
NC,PHARMACY,EMPLOYEE THEFT (OR SUSPECTED),JAN-SEP 2022,0.0,47.0
NC,PHARMACY,LOSS IN TRANSIT,2019,0.0,0.0
NC,PHARMACY,LOSS IN TRANSIT,2020,0.0,30.0
NC,PHARMACY,LOSS IN TRANSIT,2021,0.0,0.0
NC,PHARMACY,LOSS IN TRANSIT,JAN-SEP 2022,0.0,0.0
NC,PHARMACY,ROBBERY,2019,0.0,0.0
NC,PHARMACY,ROBBERY,2020,0.0,164.0
NC,PHARMACY,ROBBERY,2021,0.0,0.0
NC,PHARMACY,ROBBERY,JAN-SEP 2022,0.0,0.0
NE,ANALYTICAL LAB,LOSS IN TRANSIT,2019,0.0,0.0
NE,ANALYTICAL LAB,LOSS IN TRANSIT,2020,0.0,100.0
NE,ANALYTICAL LAB,LOSS IN TRANSIT,2021,0.0,0.0
NE,ANALYTICAL LAB,LOSS IN TRANSIT,JAN-SEP 2022,0.0,0.0
NH,PHARMACY,LOSS IN TRANSIT,2019,0.0,1200.0
NH,PHARMACY,LOSS IN TRANSIT,2020,0.0,0.0
NH,PHARMACY,LOSS IN TRANSIT,2021,0.0,0.0
NH,PHARMACY,LOSS IN TRANSIT,JAN-SEP 2022,0.0,0.0
NJ,DISTRIBUTOR,EMPLOYEE THEFT (OR SUSPECTED),2019,0.0,0.0
NJ,DISTRIBUTOR,EMPLOYEE THEFT (OR SUSPECTED),2020,0.0,0.0
NJ,DISTRIBUTOR,EMPLOYEE THEFT (OR SUSPECTED),2021,0.0,0.0
NJ,DISTRIBUTOR,EMPLOYEE THEFT (OR SUSPECTED),JAN-SEP 2022,0.0,1.0
NJ,DISTRIBUTOR,LOSS IN TRANSIT,2019,0.0,3140.0
NJ,DISTRIBUTOR,LOSS IN TRANSIT,2020,0.0,453.0
NJ,DISTRIBUTOR,LOSS IN TRANSIT,2021,591.0,580.0
NJ,DISTRIBUTOR,LOSS IN TRANSIT,JAN-SEP 2022,0.0,802.0
NJ,DISTRIBUTOR,PACKAGING DISCREPANCY,2019,0.0,432.0
NJ,DISTRIBUTOR,PACKAGING DISCREPANCY,2020,0.0,50.0
NJ,DISTRIBUTOR,PACKAGING DISCREPANCY,2021,0.0,48.0
NJ,DISTRIBUTOR,PACKAGING DISCREPANCY,JAN-SEP 2022,0.0,18.0
NJ,PHARMACY,BREAK-IN/BURGLARY,2019,0.0,0.0
NJ,PHARMACY,BREAK-IN/BURGLARY,2020,1080.0,3847.0
NJ,PHARMACY,BREAK-IN/BURGLARY,2021,0.0,0.0
NJ,PHARMACY,BREAK-IN/BURGLARY,JAN-SEP 2022,0.0,0.0
NJ,PHARMACY,CUSTOMER THEFT (OR NON EMPLOYEE),2019,0.0,0.0
NJ,PHARMACY,CUSTOMER THEFT (OR NON EMPLOYEE),2020,0.0,0.0
NJ,PHARMACY,CUSTOMER THEFT (OR NON EMPLOYEE),2021,0.0,14.0
NJ,PHARMACY,CUSTOMER THEFT (OR NON EMPLOYEE),JAN-SEP 2022,0.0,0.0
NJ,PHARMACY,EMPLOYEE THEFT (OR SUSPECTED),2019,0.0,0.0
NJ,PHARMACY,EMPLOYEE THEFT (OR SUSPECTED),2020,0.0,0.0
NJ,PHARMACY,EMPLOYEE THEFT (OR SUSPECTED),2021,0.0,48.0
NJ,PHARMACY,EMPLOYEE THEFT (OR SUSPECTED),JAN-SEP 2022,0.0,0.0
NJ,PHARMACY,LOSS IN TRANSIT,2019,0.0,0.0
NJ,PHARMACY,LOSS IN TRANSIT,2020,0.0,0.0
NJ,PHARMACY,LOSS IN TRANSIT,2021,0.0,0.0
NJ,PHARMACY,LOSS IN TRANSIT,JAN-SEP 2022,0.0,30.0
NJ,PHARMACY,PACKAGING DISCREPANCY,2019,0.0,0.0
NJ,PHARMACY,PACKAGING DISCREPANCY,2020,0.0,0.0
NJ,PHARMACY,PACKAGING DISCREPANCY,2021,0.0,10.0
NJ,PHARMACY,PACKAGING DISCREPANCY,JAN-SEP 2022,0.0,0.0
NM,PHARMACY,EMPLOYEE THEFT (OR SUSPECTED),2019,0.0,0.0
NM,PHARMACY,EMPLOYEE THEFT (OR SUSPECTED),2020,0.0,0.0
NM,PHARMACY,EMPLOYEE THEFT (OR SUSPECTED),2021,0.0,0.0
NM,PHARMACY,EMPLOYEE THEFT (OR SUSPECTED),JAN-SEP 2022,0.0,240.0
NM,PHARMACY,LOSS IN TRANSIT,2019,0.0,0.0
NM,PHARMACY,LOSS IN TRANSIT,2020,0.0,20.0
NM,PHARMACY,LOSS IN TRANSIT,2021,0.0,24.0
NM,PHARMACY,LOSS IN TRANSIT,JAN-SEP 2022,0.0,50.0
NM,PHARMACY,ROBBERY,2019,0.0,0.0
NM,PHARMACY,ROBBERY,2020,0.0,40.0
NM,PHARMACY,ROBBERY,2021,0.0,0.0
NM,PHARMACY,ROBBERY,JAN-SEP 2022,0.0,0.0
NV,DISTRIBUTOR,LOSS IN TRANSIT,2019,0.0,0.0
NV,DISTRIBUTOR,LOSS IN TRANSIT,2020,10.0,0.0
NV,DISTRIBUTOR,LOSS IN TRANSIT,2021,0.0,0.0
NV,DISTRIBUTOR,LOSS IN TRANSIT,JAN-SEP 2022,10.0,0.0
NV,PHARMACY,EMPLOYEE THEFT (OR SUSPECTED),2019,0.0,0.0
NV,PHARMACY,EMPLOYEE THEFT (OR SUSPECTED),2020,0.0,0.0
NV,PHARMACY,EMPLOYEE THEFT (OR SUSPECTED),2021,0.0,1.0
NV,PHARMACY,EMPLOYEE THEFT (OR SUSPECTED),JAN-SEP 2022,0.0,0.0
NV,PHARMACY,LOSS IN TRANSIT,2019,0.0,0.0
NV,PHARMACY,LOSS IN TRANSIT,2020,0.0,630.0
NV,PHARMACY,LOSS IN TRANSIT,2021,0.0,0.0
NV,PHARMACY,LOSS IN TRANSIT,JAN-SEP 2022,0.0,0.0
NY,DISTRIBUTOR,LOSS IN TRANSIT,2019,0.0,60.0
NY,DISTRIBUTOR,LOSS IN TRANSIT,2020,0.0,170.0
NY,DISTRIBUTOR,LOSS IN TRANSIT,2021,0.0,0.0
NY,DISTRIBUTOR,LOSS IN TRANSIT,JAN-SEP 2022,0.0,322.0
NY,DISTRIBUTOR,PACKAGING DISCREPANCY,2019,0.0,0.0
NY,DISTRIBUTOR,PACKAGING DISCREPANCY,2020,0.0,0.0
NY,DISTRIBUTOR,PACKAGING DISCREPANCY,2021,0.0,3582.0
NY,DISTRIBUTOR,PACKAGING DISCREPANCY,JAN-SEP 2022,0.0,7764.0
NY,PHARMACY,BREAK-IN/BURGLARY,2019,0.0,0.0
NY,PHARMACY,BREAK-IN/BURGLARY,2020,0.0,59.0
NY,PHARMACY,BREAK-IN/BURGLARY,2021,0.0,0.0
NY,PHARMACY,BREAK-IN/BURGLARY,JAN-SEP 2022,236.0,0.0
NY,PHARMACY,EMPLOYEE THEFT (OR SUSPECTED),2019,0.0,7538700.0
NY,PHARMACY,EMPLOYEE THEFT (OR SUSPECTED),2020,0.0,0.0
NY,PHARMACY,EMPLOYEE THEFT (OR SUSPECTED),2021,0.0,0.0
NY,PHARMACY,EMPLOYEE THEFT (OR SUSPECTED),JAN-SEP 2022,0.0,0.0
NY,PHARMACY,LOSS IN TRANSIT,2019,0.0,0.0
NY,PHARMACY,LOSS IN TRANSIT,2020,0.0,385.0
NY,PHARMACY,LOSS IN TRANSIT,2021,0.0,163.0
NY,PHARMACY,LOSS IN TRANSIT,JAN-SEP 2022,0.0,20.0
NY,PHARMACY,PACKAGING DISCREPANCY,2019,0.0,0.0
NY,PHARMACY,PACKAGING DISCREPANCY,2020,0.0,5.0
NY,PHARMACY,PACKAGING DISCREPANCY,2021,0.0,0.0
NY,PHARMACY,PACKAGING DISCREPANCY,JAN-SEP 2022,0.0,0.0
NY,PHARMACY,ROBBERY,2019,0.0,0.0
NY,PHARMACY,ROBBERY,2020,0.0,0.0
NY,PHARMACY,ROBBERY,2021,1250.0,0.0
NY,PHARMACY,ROBBERY,JAN-SEP 2022,0.0,0.0
OH,PHARMACY,EMPLOYEE THEFT (OR SUSPECTED),2019,0.0,68400.0
OH,PHARMACY,EMPLOYEE THEFT (OR SUSPECTED),2020,0.0,0.0
OH,PHARMACY,EMPLOYEE THEFT (OR SUSPECTED),2021,0.0,0.0
OH,PHARMACY,EMPLOYEE THEFT (OR SUSPECTED),JAN-SEP 2022,0.0,0.0
OH,PHARMACY,PACKAGING DISCREPANCY,2019,0.0,0.0
OH,PHARMACY,PACKAGING DISCREPANCY,2020,0.0,0.0
OH,PHARMACY,PACKAGING DISCREPANCY,2021,0.0,0.0
OH,PHARMACY,PACKAGING DISCREPANCY,JAN-SEP 2022,41.0,0.0
OK,DISTRIBUTOR,LOSS IN TRANSIT,2019,0.0,0.0
OK,DISTRIBUTOR,LOSS IN TRANSIT,2020,0.0,0.0
OK,DISTRIBUTOR,LOSS IN TRANSIT,2021,0.0,178.0
OK,DISTRIBUTOR,LOSS IN TRANSIT,JAN-SEP 2022,0.0,360.0
OK,PHARMACY,LOSS IN TRANSIT,2019,0.0,0.0
OK,PHARMACY,LOSS IN TRANSIT,2020,0.0,15.0
OK,PHARMACY,LOSS IN TRANSIT,2021,0.0,20.0
OK,PHARMACY,LOSS IN TRANSIT,JAN-SEP 2022,0.0,624.0
OK,PHARMACY,ROBBERY,2019,0.0,0.0
OK,PHARMACY,ROBBERY,2020,0.0,3896.0
OK,PHARMACY,ROBBERY,2021,0.0,0.0
OK,PHARMACY,ROBBERY,JAN-SEP 2022,0.0,0.0
OR,DISTRIBUTOR,CUSTOMER THEFT (OR NON EMPLOYEE),2019,0.0,81600.0
OR,DISTRIBUTOR,CUSTOMER THEFT (OR NON EMPLOYEE),2020,0.0,0.0
OR,DISTRIBUTOR,CUSTOMER THEFT (OR NON EMPLOYEE),2021,0.0,0.0
OR,DISTRIBUTOR,CUSTOMER THEFT (OR NON EMPLOYEE),JAN-SEP 2022,0.0,0.0
OR,PHARMACY,EMPLOYEE THEFT (OR SUSPECTED),2019,0.0,0.0
OR,PHARMACY,EMPLOYEE THEFT (OR SUSPECTED),2020,0.0,300.0
OR,PHARMACY,EMPLOYEE THEFT (OR SUSPECTED),2021,0.0,43.0
OR,PHARMACY,EMPLOYEE THEFT (OR SUSPECTED),JAN-SEP 2022,0.0,12.0
OR,PHARMACY,LOSS IN TRANSIT,2019,0.0,0.0
OR,PHARMACY,LOSS IN TRANSIT,2020,0.0,0.0
OR,PHARMACY,LOSS IN TRANSIT,2021,0.0,0.0
OR,PHARMACY,LOSS IN TRANSIT,JAN-SEP 2022,0.0,34.0
OR,PHARMACY,PACKAGING DISCREPANCY,2019,708.0,33697.0
OR,PHARMACY,PACKAGING DISCREPANCY,2020,0.0,1475.0
OR,PHARMACY,PACKAGING DISCREPANCY,2021,0.0,756.0
OR,PHARMACY,PACKAGING DISCREPANCY,JAN-SEP 2022,0.0,399.0
PA,CHEMICAL IMPORTER,LOSS IN TRANSIT,2019,0.0,0.021234
PA,CHEMICAL IMPORTER,LOSS IN TRANSIT,2020,0.0,0.0
PA,CHEMICAL IMPORTER,LOSS IN TRANSIT,2021,0.0,0.077857
PA,CHEMICAL IMPORTER,LOSS IN TRANSIT,JAN-SEP 2022,0.0,0.084934
PA,DISTRIBUTOR,HIJACKING OF TRANSPORT VEHICLE,2019,0.0,0.0
PA,DISTRIBUTOR,HIJACKING OF TRANSPORT VEHICLE,2020,0.0,0.0
PA,DISTRIBUTOR,HIJACKING OF TRANSPORT VEHICLE,2021,0.0,129.0
PA,DISTRIBUTOR,HIJACKING OF TRANSPORT VEHICLE,JAN-SEP 2022,0.0,0.0
PA,DISTRIBUTOR,LOSS IN TRANSIT,2019,0.0,0.0
PA,DISTRIBUTOR,LOSS IN TRANSIT,2020,0.0,0.0
PA,DISTRIBUTOR,LOSS IN TRANSIT,2021,0.0,0.0
PA,DISTRIBUTOR,LOSS IN TRANSIT,JAN-SEP 2022,45.0,239.0
PA,DISTRIBUTOR,PACKAGING DISCREPANCY,2019,0.0,103680.0
PA,DISTRIBUTOR,PACKAGING DISCREPANCY,2020,0.0,0.0
PA,DISTRIBUTOR,PACKAGING DISCREPANCY,2021,0.0,0.0
PA,DISTRIBUTOR,PACKAGING DISCREPANCY,JAN-SEP 2022,0.0,30.0
PA,PHARMACY,BREAK-IN/BURGLARY,2019,0.0,0.0
PA,PHARMACY,BREAK-IN/BURGLARY,2020,1180.0,5672.0
PA,PHARMACY,BREAK-IN/BURGLARY,2021,0.0,0.0
PA,PHARMACY,BREAK-IN/BURGLARY,JAN-SEP 2022,0.0,0.0
PA,PHARMACY,HIJACKING OF TRANSPORT VEHICLE,2019,0.0,0.0
PA,PHARMACY,HIJACKING OF TRANSPORT VEHICLE,2020,0.0,3.0
PA,PHARMACY,HIJACKING OF TRANSPORT VEHICLE,2021,0.0,0.0
PA,PHARMACY,HIJACKING OF TRANSPORT VEHICLE,JAN-SEP 2022,0.0,0.0
PA,PHARMACY,LOSS IN TRANSIT,2019,0.0,20.0
PA,PHARMACY,LOSS IN TRANSIT,2020,0.0,1128.0
PA,PHARMACY,LOSS IN TRANSIT,2021,0.0,0.0
PA,PHARMACY,LOSS IN TRANSIT,JAN-SEP 2022,0.0,0.0
PA,PHARMACY,PACKAGING DISCREPANCY,2019,0.0,0.0
PA,PHARMACY,PACKAGING DISCREPANCY,2020,0.0,0.0
PA,PHARMACY,PACKAGING DISCREPANCY,2021,273.0,0.0
PA,PHARMACY,PACKAGING DISCREPANCY,JAN-SEP 2022,0.0,0.0
PR,CHEMICAL DISTRIBUTOR,PACKAGING DISCREPANCY,2019,0.0,0.0
PR,CHEMICAL DISTRIBUTOR,PACKAGING DISCREPANCY,2020,2838.0,0.0
PR,CHEMICAL DISTRIBUTOR,PACKAGING DISCREPANCY,2021,0.0,0.0
PR,CHEMICAL DISTRIBUTOR,PACKAGING DISCREPANCY,JAN-SEP 2022,0.0,0.0
RI,DISTRIBUTOR,LOSS IN TRANSIT,2019,0.0,336.0
RI,DISTRIBUTOR,LOSS IN TRANSIT,2020,0.0,124.0
RI,DISTRIBUTOR,LOSS IN TRANSIT,2021,0.0,110.0
RI,DISTRIBUTOR,LOSS IN TRANSIT,JAN-SEP 2022,0.0,1602.0
RI,DISTRIBUTOR,PACKAGING DISCREPANCY,2019,0.0,0.0
RI,DISTRIBUTOR,PACKAGING DISCREPANCY,2020,0.0,0.0
RI,DISTRIBUTOR,PACKAGING DISCREPANCY,2021,0.0,0.0
RI,DISTRIBUTOR,PACKAGING DISCREPANCY,JAN-SEP 2022,0.0,18.0
SC,DISTRIBUTOR,"DISASTER (FIRE, WEATHER, ETC.)",2019,0.0,0.0
SC,DISTRIBUTOR,"DISASTER (FIRE, WEATHER, ETC.)",2020,0.0,0.0
SC,DISTRIBUTOR,"DISASTER (FIRE, WEATHER, ETC.)",2021,0.0,2544.0
SC,DISTRIBUTOR,"DISASTER (FIRE, WEATHER, ETC.)",JAN-SEP 2022,0.0,0.0
SC,MANUFACTURER,PACKAGING DISCREPANCY,2019,0.0,0.0
SC,MANUFACTURER,PACKAGING DISCREPANCY,2020,72.8,0.0
SC,MANUFACTURER,PACKAGING DISCREPANCY,2021,0.0,0.0
SC,MANUFACTURER,PACKAGING DISCREPANCY,JAN-SEP 2022,0.0,0.0
SC,PHARMACY,BREAK-IN/BURGLARY,2019,0.0,0.0
SC,PHARMACY,BREAK-IN/BURGLARY,2020,0.0,0.0
SC,PHARMACY,BREAK-IN/BURGLARY,2021,118.0,0.0
SC,PHARMACY,BREAK-IN/BURGLARY,JAN-SEP 2022,0.0,0.0
SC,PHARMACY,CUSTOMER THEFT (OR NON EMPLOYEE),2019,0.0,0.0
SC,PHARMACY,CUSTOMER THEFT (OR NON EMPLOYEE),2020,0.0,0.0
SC,PHARMACY,CUSTOMER THEFT (OR NON EMPLOYEE),2021,0.0,0.0
SC,PHARMACY,CUSTOMER THEFT (OR NON EMPLOYEE),JAN-SEP 2022,0.0,210.0
SC,PHARMACY,LOSS IN TRANSIT,2019,0.0,6000.0
SC,PHARMACY,LOSS IN TRANSIT,2020,0.0,40.0
SC,PHARMACY,LOSS IN TRANSIT,2021,0.0,0.0
SC,PHARMACY,LOSS IN TRANSIT,JAN-SEP 2022,0.0,0.0
SD,PHARMACY,BREAK-IN/BURGLARY,2019,0.0,0.0
SD,PHARMACY,BREAK-IN/BURGLARY,2020,0.0,2474.0
SD,PHARMACY,BREAK-IN/BURGLARY,2021,0.0,0.0
SD,PHARMACY,BREAK-IN/BURGLARY,JAN-SEP 2022,0.0,0.0
TN,DISTRIBUTOR,HIJACKING OF TRANSPORT VEHICLE,2019,0.0,17640.0
TN,DISTRIBUTOR,HIJACKING OF TRANSPORT VEHICLE,2020,0.0,0.0
TN,DISTRIBUTOR,HIJACKING OF TRANSPORT VEHICLE,2021,0.0,0.0
TN,DISTRIBUTOR,HIJACKING OF TRANSPORT VEHICLE,JAN-SEP 2022,0.0,0.0
TN,DISTRIBUTOR,LOSS IN TRANSIT,2019,473.0,159630.0
TN,DISTRIBUTOR,LOSS IN TRANSIT,2020,9460.0,1433.0
TN,DISTRIBUTOR,LOSS IN TRANSIT,2021,31268.0,4361.0
TN,DISTRIBUTOR,LOSS IN TRANSIT,JAN-SEP 2022,976.0,1427.0
TN,DISTRIBUTOR,PACKAGING DISCREPANCY,2019,0.0,0.0
TN,DISTRIBUTOR,PACKAGING DISCREPANCY,2020,0.0,0.0
TN,DISTRIBUTOR,PACKAGING DISCREPANCY,2021,0.0,0.0
TN,DISTRIBUTOR,PACKAGING DISCREPANCY,JAN-SEP 2022,48.0,20.0
TN,PHARMACY,LOSS IN TRANSIT,2019,0.0,0.0
TN,PHARMACY,LOSS IN TRANSIT,2020,0.0,0.0
TN,PHARMACY,LOSS IN TRANSIT,2021,0.0,461.0
TN,PHARMACY,LOSS IN TRANSIT,JAN-SEP 2022,473.0,366.0
TN,PHARMACY,ROBBERY,2019,0.0,0.0
TN,PHARMACY,ROBBERY,2020,0.0,0.0
TN,PHARMACY,ROBBERY,2021,0.0,0.0
TN,PHARMACY,ROBBERY,JAN-SEP 2022,459.0,0.0
TX,DISTRIBUTOR,HIJACKING OF TRANSPORT VEHICLE,2019,5670.0,22368.0
TX,DISTRIBUTOR,HIJACKING OF TRANSPORT VEHICLE,2020,0.0,0.0
TX,DISTRIBUTOR,HIJACKING OF TRANSPORT VEHICLE,2021,354.0,0.0
TX,DISTRIBUTOR,HIJACKING OF TRANSPORT VEHICLE,JAN-SEP 2022,0.0,0.0
TX,DISTRIBUTOR,LOSS IN TRANSIT,2019,378.4,120.0
TX,DISTRIBUTOR,LOSS IN TRANSIT,2020,4492.0,230.0
TX,DISTRIBUTOR,LOSS IN TRANSIT,2021,473.0,2936.0
TX,DISTRIBUTOR,LOSS IN TRANSIT,JAN-SEP 2022,0.0,1089.0
TX,DISTRIBUTOR,PACKAGING DISCREPANCY,2019,0.0,0.0
TX,DISTRIBUTOR,PACKAGING DISCREPANCY,2020,0.0,186.0
TX,DISTRIBUTOR,PACKAGING DISCREPANCY,2021,0.0,148.0
TX,DISTRIBUTOR,PACKAGING DISCREPANCY,JAN-SEP 2022,0.0,28.0
TX,DISTRIBUTOR,ROBBERY,2019,0.0,0.0
TX,DISTRIBUTOR,ROBBERY,2020,0.0,0.0
TX,DISTRIBUTOR,ROBBERY,2021,0.0,0.0
TX,DISTRIBUTOR,ROBBERY,JAN-SEP 2022,118.0,18.0
TX,MANUFACTURER,LOSS IN TRANSIT,2019,0.0,0.0
TX,MANUFACTURER,LOSS IN TRANSIT,2020,850.0,0.0
TX,MANUFACTURER,LOSS IN TRANSIT,2021,75.0,0.0
TX,MANUFACTURER,LOSS IN TRANSIT,JAN-SEP 2022,0.0,0.0
TX,PHARMACY,BREAK-IN/BURGLARY,2019,31620.0,0.0
TX,PHARMACY,BREAK-IN/BURGLARY,2020,0.0,0.0
TX,PHARMACY,BREAK-IN/BURGLARY,2021,0.0,0.0
TX,PHARMACY,BREAK-IN/BURGLARY,JAN-SEP 2022,0.0,0.0
TX,PHARMACY,CUSTOMER THEFT (OR NON EMPLOYEE),2019,473.0,0.0
TX,PHARMACY,CUSTOMER THEFT (OR NON EMPLOYEE),2020,0.0,0.0
TX,PHARMACY,CUSTOMER THEFT (OR NON EMPLOYEE),2021,0.0,0.0
TX,PHARMACY,CUSTOMER THEFT (OR NON EMPLOYEE),JAN-SEP 2022,0.0,0.0
TX,PHARMACY,EMPLOYEE THEFT (OR SUSPECTED),2019,0.0,0.0
TX,PHARMACY,EMPLOYEE THEFT (OR SUSPECTED),2020,0.0,0.0
TX,PHARMACY,EMPLOYEE THEFT (OR SUSPECTED),2021,0.0,576.0
TX,PHARMACY,EMPLOYEE THEFT (OR SUSPECTED),JAN-SEP 2022,0.0,210.0
TX,PHARMACY,LOSS IN TRANSIT,2019,0.0,0.0
TX,PHARMACY,LOSS IN TRANSIT,2020,0.0,831.0
TX,PHARMACY,LOSS IN TRANSIT,2021,0.0,366.0
TX,PHARMACY,LOSS IN TRANSIT,JAN-SEP 2022,473.0,632.0
TX,PHARMACY,PACKAGING DISCREPANCY,2019,0.0,0.0
TX,PHARMACY,PACKAGING DISCREPANCY,2020,0.0,0.0
TX,PHARMACY,PACKAGING DISCREPANCY,2021,0.0,0.0
TX,PHARMACY,PACKAGING DISCREPANCY,JAN-SEP 2022,0.0,24.0
TX,REVERSE DISTRIBUTOR,PACKAGING DISCREPANCY,2019,0.0,0.0
TX,REVERSE DISTRIBUTOR,PACKAGING DISCREPANCY,2020,0.0,0.0
TX,REVERSE DISTRIBUTOR,PACKAGING DISCREPANCY,2021,0.0,0.0
TX,REVERSE DISTRIBUTOR,PACKAGING DISCREPANCY,JAN-SEP 2022,235.0,0.0
UT,PHARMACY,EMPLOYEE THEFT (OR SUSPECTED),2019,0.0,0.0
UT,PHARMACY,EMPLOYEE THEFT (OR SUSPECTED),2020,0.0,0.0
UT,PHARMACY,EMPLOYEE THEFT (OR SUSPECTED),2021,0.0,180.0
UT,PHARMACY,EMPLOYEE THEFT (OR SUSPECTED),JAN-SEP 2022,0.0,720.0
VA,PHARMACY,EMPLOYEE THEFT (OR SUSPECTED),2019,0.0,0.0
VA,PHARMACY,EMPLOYEE THEFT (OR SUSPECTED),2020,0.0,40.0
VA,PHARMACY,EMPLOYEE THEFT (OR SUSPECTED),2021,0.0,36.0
VA,PHARMACY,EMPLOYEE THEFT (OR SUSPECTED),JAN-SEP 2022,0.0,272.0
VA,PHARMACY,LOSS IN TRANSIT,2019,0.0,0.0
VA,PHARMACY,LOSS IN TRANSIT,2020,0.0,20.0
VA,PHARMACY,LOSS IN TRANSIT,2021,0.0,0.0
VA,PHARMACY,LOSS IN TRANSIT,JAN-SEP 2022,0.0,30.0
WA,DISTRIBUTOR,LOSS IN TRANSIT,2019,0.0,0.0
WA,DISTRIBUTOR,LOSS IN TRANSIT,2020,0.0,360.0
WA,DISTRIBUTOR,LOSS IN TRANSIT,2021,0.0,54.0
WA,DISTRIBUTOR,LOSS IN TRANSIT,JAN-SEP 2022,0.0,0.0
WA,PHARMACY,EMPLOYEE THEFT (OR SUSPECTED),2019,0.0,0.0
WA,PHARMACY,EMPLOYEE THEFT (OR SUSPECTED),2020,0.0,0.0
WA,PHARMACY,EMPLOYEE THEFT (OR SUSPECTED),2021,0.0,68.0
WA,PHARMACY,EMPLOYEE THEFT (OR SUSPECTED),JAN-SEP 2022,0.0,17.0
WA,PHARMACY,LOSS IN TRANSIT,2019,0.0,0.0
WA,PHARMACY,LOSS IN TRANSIT,2020,0.0,0.0
WA,PHARMACY,LOSS IN TRANSIT,2021,0.0,0.0
WA,PHARMACY,LOSS IN TRANSIT,JAN-SEP 2022,0.0,69.0
WI,DISTRIBUTOR,LOSS IN TRANSIT,2019,0.0,0.0
WI,DISTRIBUTOR,LOSS IN TRANSIT,2020,0.0,0.0
WI,DISTRIBUTOR,LOSS IN TRANSIT,2021,0.0,360.0
WI,DISTRIBUTOR,LOSS IN TRANSIT,JAN-SEP 2022,0.0,0.0
WI,MANUFACTURER,EMPLOYEE THEFT (OR SUSPECTED),2019,0.0,0.0
WI,MANUFACTURER,EMPLOYEE THEFT (OR SUSPECTED),2020,10.0,0.0
WI,MANUFACTURER,EMPLOYEE THEFT (OR SUSPECTED),2021,0.0,0.0
WI,MANUFACTURER,EMPLOYEE THEFT (OR SUSPECTED),JAN-SEP 2022,0.0,0.0
WI,REVERSE DISTRIBUTOR,LOSS IN TRANSIT,2019,0.0,33050.0
WI,REVERSE DISTRIBUTOR,LOSS IN TRANSIT,2020,0.0,0.0
WI,REVERSE DISTRIBUTOR,LOSS IN TRANSIT,2021,0.0,0.0
WI,REVERSE DISTRIBUTOR,LOSS IN TRANSIT,JAN-SEP 2022,0.0,0.0
WV,PHARMACY,PACKAGING DISCREPANCY,2019,0.0,10.0
WV,PHARMACY,PACKAGING DISCREPANCY,2020,0.0,0.0
WV,PHARMACY,PACKAGING DISCREPANCY,2021,0.0,0.0
WV,PHARMACY,PACKAGING DISCREPANCY,JAN-SEP 2022,0.0,0.0
WY,PHARMACY,BREAK-IN/BURGLARY,2019,0.0,0.0
WY,PHARMACY,BREAK-IN/BURGLARY,2020,0.0,0.0
WY,PHARMACY,BREAK-IN/BURGLARY,2021,0.0,0.0
WY,PHARMACY,BREAK-IN/BURGLARY,JAN-SEP 2022,0.0,4.0
WY,PHARMACY,LOSS IN TRANSIT,2019,0.0,0.0
WY,PHARMACY,LOSS IN TRANSIT,2020,0.0,0.0
WY,PHARMACY,LOSS IN TRANSIT,2021,0.0,126.0
WY,PHARMACY,LOSS IN TRANSIT,JAN-SEP 2022,0.0,0.0
