business_activity,loss_type,period,count
ANALYTICAL LAB,CUSTOMER THEFT (OR NON EMPLOYEE),2010,0
ANALYTICAL LAB,EMPLOYEE THEFT (OR SUSPECTED),2010,2
ANALYTICAL LAB,LOSS IN TRANSIT,2010,2
ANALYTICAL LAB,OTHER,2010,2
ANALYTICAL LAB,PACKAGING DISCREPANCY,2010,0
CANINE HANDLER,BREAK-IN/BURGLARY,2010,0
CANINE HANDLER,"DISASTER (FIRE, WEATHER, ETC.)",2010,0
CANINE HANDLER,EMPLOYEE THEFT (OR SUSPECTED),2010,0
CANINE HANDLER,LOSS IN TRANSIT,2010,0
CANINE HANDLER,OTHER,2010,8
CANINE HANDLER,PACKAGING DISCREPANCY,2010,0
DISTRIBUTOR,BREAK-IN/BURGLARY,2010,1
DISTRIBUTOR,CUSTOMER THEFT (OR NON EMPLOYEE),2010,4
DISTRIBUTOR,"DISASTER (FIRE, WEATHER, ETC.)",2010,0
DISTRIBUTOR,EMPLOYEE THEFT (OR SUSPECTED),2010,6
DISTRIBUTOR,HIJACKING OF TRANSPORT VEHICLE,2010,0
DISTRIBUTOR,LOSS IN TRANSIT,2010,797
DISTRIBUTOR,OTHER,2010,433
DISTRIBUTOR,PACKAGING DISCREPANCY,2010,0
DISTRIBUTOR,ROBBERY,2010,8
EXPORTER,LOSS IN TRANSIT,2010,1
EXPORTER,OTHER,2010,0
HOSPITAL,BREAK-IN/BURGLARY,2010,34
HOSPITAL,CUSTOMER THEFT (OR NON EMPLOYEE),2010,32
HOSPITAL,"DISASTER (FIRE, WEATHER, ETC.)",2010,0
HOSPITAL,EMPLOYEE THEFT (OR SUSPECTED),2010,1315
HOSPITAL,HIJACKING OF TRANSPORT VEHICLE,2010,0
HOSPITAL,LOSS IN TRANSIT,2010,250
HOSPITAL,OTHER,2010,1096
HOSPITAL,PACKAGING DISCREPANCY,2010,0
HOSPITAL,ROBBERY,2010,0
IMPORTER,"DISASTER (FIRE, WEATHER, ETC.)",2010,0
IMPORTER,LOSS IN TRANSIT,2010,0
IMPORTER,OTHER,2010,0
IMPORTER,PACKAGING DISCREPANCY,2010,0
MANUFACTURER,BREAK-IN/BURGLARY,2010,1
MANUFACTURER,CUSTOMER THEFT (OR NON EMPLOYEE),2010,0
MANUFACTURER,"DISASTER (FIRE, WEATHER, ETC.)",2010,0
MANUFACTURER,EMPLOYEE THEFT (OR SUSPECTED),2010,8
MANUFACTURER,LOSS IN TRANSIT,2010,28
MANUFACTURER,OTHER,2010,15
MANUFACTURER,PACKAGING DISCREPANCY,2010,0
MANUFACTURER,ROBBERY,2010,0
MID LEVEL PRACTITIONER,BREAK-IN/BURGLARY,2010,6
MID LEVEL PRACTITIONER,CUSTOMER THEFT (OR NON EMPLOYEE),2010,1
MID LEVEL PRACTITIONER,"DISASTER (FIRE, WEATHER, ETC.)",2010,0
MID LEVEL PRACTITIONER,EMPLOYEE THEFT (OR SUSPECTED),2010,23
MID LEVEL PRACTITIONER,LOSS IN TRANSIT,2010,2
MID LEVEL PRACTITIONER,OTHER,2010,40
MID LEVEL PRACTITIONER,PACKAGING DISCREPANCY,2010,0
MID LEVEL PRACTITIONER,ROBBERY,2010,0
NTP,BREAK-IN/BURGLARY,2010,0
NTP,CUSTOMER THEFT (OR NON EMPLOYEE),2010,3
NTP,"DISASTER (FIRE, WEATHER, ETC.)",2010,0
NTP,EMPLOYEE THEFT (OR SUSPECTED),2010,6
NTP,LOSS IN TRANSIT,2010,1
NTP,OTHER,2010,28
NTP,PACKAGING DISCREPANCY,2010,0
NTP,ROBBERY,2010,0
PHARMACY,BREAK-IN/BURGLARY,2010,1008
PHARMACY,CUSTOMER THEFT (OR NON EMPLOYEE),2010,131
PHARMACY,"DISASTER (FIRE, WEATHER, ETC.)",2010,0
PHARMACY,EMPLOYEE THEFT (OR SUSPECTED),2010,1189
PHARMACY,HIJACKING OF TRANSPORT VEHICLE,2010,0
PHARMACY,LOSS IN TRANSIT,2010,1980
PHARMACY,OTHER,2010,3247
PHARMACY,PACKAGING DISCREPANCY,2010,0
PHARMACY,ROBBERY,2010,759
PRACTITIONER,BREAK-IN/BURGLARY,2010,86
PRACTITIONER,CUSTOMER THEFT (OR NON EMPLOYEE),2010,20
PRACTITIONER,"DISASTER (FIRE, WEATHER, ETC.)",2010,0
PRACTITIONER,EMPLOYEE THEFT (OR SUSPECTED),2010,267
PRACTITIONER,HIJACKING OF TRANSPORT VEHICLE,2010,0
PRACTITIONER,LOSS IN TRANSIT,2010,42
PRACTITIONER,OTHER,2010,312
PRACTITIONER,PACKAGING DISCREPANCY,2010,0
PRACTITIONER,ROBBERY,2010,4
RESEARCHER,BREAK-IN/BURGLARY,2010,0
RESEARCHER,CUSTOMER THEFT (OR NON EMPLOYEE),2010,1
RESEARCHER,"DISASTER (FIRE, WEATHER, ETC.)",2010,0
RESEARCHER,EMPLOYEE THEFT (OR SUSPECTED),2010,6
RESEARCHER,LOSS IN TRANSIT,2010,0
RESEARCHER,OTHER,2010,9
RESEARCHER,PACKAGING DISCREPANCY,2010,0
REVERSE DISTRIBUTOR,BREAK-IN/BURGLARY,2010,0
REVERSE DISTRIBUTOR,CUSTOMER THEFT (OR NON EMPLOYEE),2010,0
REVERSE DISTRIBUTOR,"DISASTER (FIRE, WEATHER, ETC.)",2010,0
REVERSE DISTRIBUTOR,EMPLOYEE THEFT (OR SUSPECTED),2010,1
REVERSE DISTRIBUTOR,LOSS IN TRANSIT,2010,87
REVERSE DISTRIBUTOR,OTHER,2010,2
REVERSE DISTRIBUTOR,PACKAGING DISCREPANCY,2010,0
TEACHING INSTITUTION,EMPLOYEE THEFT (OR SUSPECTED),2010,0
TEACHING INSTITUTION,LOSS IN TRANSIT,2010,0
TEACHING INSTITUTION,OTHER,2010,2
TEACHING INSTITUTION,PACKAGING DISCREPANCY,2010,0
ANALYTICAL LAB,CUSTOMER THEFT (OR NON EMPLOYEE),2011,0
ANALYTICAL LAB,EMPLOYEE THEFT (OR SUSPECTED),2011,1
ANALYTICAL LAB,LOSS IN TRANSIT,2011,0
ANALYTICAL LAB,OTHER,2011,4
ANALYTICAL LAB,PACKAGING DISCREPANCY,2011,0
CANINE HANDLER,BREAK-IN/BURGLARY,2011,1
CANINE HANDLER,"DISASTER (FIRE, WEATHER, ETC.)",2011,0
CANINE HANDLER,EMPLOYEE THEFT (OR SUSPECTED),2011,2
CANINE HANDLER,LOSS IN TRANSIT,2011,0
CANINE HANDLER,OTHER,2011,5
CANINE HANDLER,PACKAGING DISCREPANCY,2011,0
DISTRIBUTOR,BREAK-IN/BURGLARY,2011,1
DISTRIBUTOR,CUSTOMER THEFT (OR NON EMPLOYEE),2011,0
DISTRIBUTOR,"DISASTER (FIRE, WEATHER, ETC.)",2011,0
DISTRIBUTOR,EMPLOYEE THEFT (OR SUSPECTED),2011,5
DISTRIBUTOR,HIJACKING OF TRANSPORT VEHICLE,2011,0
DISTRIBUTOR,LOSS IN TRANSIT,2011,834
DISTRIBUTOR,OTHER,2011,399
DISTRIBUTOR,PACKAGING DISCREPANCY,2011,0
DISTRIBUTOR,ROBBERY,2011,7
EXPORTER,LOSS IN TRANSIT,2011,0
EXPORTER,OTHER,2011,1
HOSPITAL,BREAK-IN/BURGLARY,2011,29
HOSPITAL,CUSTOMER THEFT (OR NON EMPLOYEE),2011,44
HOSPITAL,"DISASTER (FIRE, WEATHER, ETC.)",2011,0
HOSPITAL,EMPLOYEE THEFT (OR SUSPECTED),2011,1327
HOSPITAL,HIJACKING OF TRANSPORT VEHICLE,2011,0
HOSPITAL,LOSS IN TRANSIT,2011,605
HOSPITAL,OTHER,2011,1475
HOSPITAL,PACKAGING DISCREPANCY,2011,0
HOSPITAL,ROBBERY,2011,3
IMPORTER,"DISASTER (FIRE, WEATHER, ETC.)",2011,0
IMPORTER,LOSS IN TRANSIT,2011,0
IMPORTER,OTHER,2011,0
IMPORTER,PACKAGING DISCREPANCY,2011,0
MANUFACTURER,BREAK-IN/BURGLARY,2011,0
MANUFACTURER,CUSTOMER THEFT (OR NON EMPLOYEE),2011,0
MANUFACTURER,"DISASTER (FIRE, WEATHER, ETC.)",2011,0
MANUFACTURER,EMPLOYEE THEFT (OR SUSPECTED),2011,10
MANUFACTURER,LOSS IN TRANSIT,2011,53
MANUFACTURER,OTHER,2011,22
MANUFACTURER,PACKAGING DISCREPANCY,2011,0
MANUFACTURER,ROBBERY,2011,2
MID LEVEL PRACTITIONER,BREAK-IN/BURGLARY,2011,10
MID LEVEL PRACTITIONER,CUSTOMER THEFT (OR NON EMPLOYEE),2011,1
MID LEVEL PRACTITIONER,"DISASTER (FIRE, WEATHER, ETC.)",2011,0
MID LEVEL PRACTITIONER,EMPLOYEE THEFT (OR SUSPECTED),2011,24
MID LEVEL PRACTITIONER,LOSS IN TRANSIT,2011,2
MID LEVEL PRACTITIONER,OTHER,2011,58
MID LEVEL PRACTITIONER,PACKAGING DISCREPANCY,2011,0
MID LEVEL PRACTITIONER,ROBBERY,2011,0
NTP,BREAK-IN/BURGLARY,2011,1
NTP,CUSTOMER THEFT (OR NON EMPLOYEE),2011,3
NTP,"DISASTER (FIRE, WEATHER, ETC.)",2011,0
NTP,EMPLOYEE THEFT (OR SUSPECTED),2011,3
NTP,LOSS IN TRANSIT,2011,2
NTP,OTHER,2011,25
NTP,PACKAGING DISCREPANCY,2011,0
NTP,ROBBERY,2011,0
PHARMACY,BREAK-IN/BURGLARY,2011,1023
PHARMACY,CUSTOMER THEFT (OR NON EMPLOYEE),2011,148
PHARMACY,"DISASTER (FIRE, WEATHER, ETC.)",2011,0
PHARMACY,EMPLOYEE THEFT (OR SUSPECTED),2011,1397
PHARMACY,HIJACKING OF TRANSPORT VEHICLE,2011,0
PHARMACY,LOSS IN TRANSIT,2011,2386
PHARMACY,OTHER,2011,4510
PHARMACY,PACKAGING DISCREPANCY,2011,0
PHARMACY,ROBBERY,2011,693
PRACTITIONER,BREAK-IN/BURGLARY,2011,95
PRACTITIONER,CUSTOMER THEFT (OR NON EMPLOYEE),2011,15
PRACTITIONER,"DISASTER (FIRE, WEATHER, ETC.)",2011,0
PRACTITIONER,EMPLOYEE THEFT (OR SUSPECTED),2011,263
PRACTITIONER,HIJACKING OF TRANSPORT VEHICLE,2011,0
PRACTITIONER,LOSS IN TRANSIT,2011,39
PRACTITIONER,OTHER,2011,318
PRACTITIONER,PACKAGING DISCREPANCY,2011,0
PRACTITIONER,ROBBERY,2011,7
RESEARCHER,BREAK-IN/BURGLARY,2011,1
RESEARCHER,CUSTOMER THEFT (OR NON EMPLOYEE),2011,0
RESEARCHER,"DISASTER (FIRE, WEATHER, ETC.)",2011,0
RESEARCHER,EMPLOYEE THEFT (OR SUSPECTED),2011,1
RESEARCHER,LOSS IN TRANSIT,2011,0
RESEARCHER,OTHER,2011,17
RESEARCHER,PACKAGING DISCREPANCY,2011,0
REVERSE DISTRIBUTOR,BREAK-IN/BURGLARY,2011,0
REVERSE DISTRIBUTOR,CUSTOMER THEFT (OR NON EMPLOYEE),2011,0
REVERSE DISTRIBUTOR,"DISASTER (FIRE, WEATHER, ETC.)",2011,0
REVERSE DISTRIBUTOR,EMPLOYEE THEFT (OR SUSPECTED),2011,0
REVERSE DISTRIBUTOR,LOSS IN TRANSIT,2011,72
REVERSE DISTRIBUTOR,OTHER,2011,4
REVERSE DISTRIBUTOR,PACKAGING DISCREPANCY,2011,0
TEACHING INSTITUTION,EMPLOYEE THEFT (OR SUSPECTED),2011,1
TEACHING INSTITUTION,LOSS IN TRANSIT,2011,1
TEACHING INSTITUTION,OTHER,2011,2
TEACHING INSTITUTION,PACKAGING DISCREPANCY,2011,0
ANALYTICAL LAB,CUSTOMER THEFT (OR NON EMPLOYEE),2012,0
ANALYTICAL LAB,EMPLOYEE THEFT (OR SUSPECTED),2012,0
ANALYTICAL LAB,LOSS IN TRANSIT,2012,1
ANALYTICAL LAB,OTHER,2012,4
ANALYTICAL LAB,PACKAGING DISCREPANCY,2012,0
CANINE HANDLER,BREAK-IN/BURGLARY,2012,0
CANINE HANDLER,"DISASTER (FIRE, WEATHER, ETC.)",2012,0
CANINE HANDLER,EMPLOYEE THEFT (OR SUSPECTED),2012,2
CANINE HANDLER,LOSS IN TRANSIT,2012,0
CANINE HANDLER,OTHER,2012,8
CANINE HANDLER,PACKAGING DISCREPANCY,2012,0
DISTRIBUTOR,BREAK-IN/BURGLARY,2012,2
DISTRIBUTOR,CUSTOMER THEFT (OR NON EMPLOYEE),2012,1
DISTRIBUTOR,"DISASTER (FIRE, WEATHER, ETC.)",2012,0
DISTRIBUTOR,EMPLOYEE THEFT (OR SUSPECTED),2012,17
DISTRIBUTOR,HIJACKING OF TRANSPORT VEHICLE,2012,0
DISTRIBUTOR,LOSS IN TRANSIT,2012,902
DISTRIBUTOR,OTHER,2012,311
DISTRIBUTOR,PACKAGING DISCREPANCY,2012,0
DISTRIBUTOR,ROBBERY,2012,15
EXPORTER,LOSS IN TRANSIT,2012,4
EXPORTER,OTHER,2012,0
HOSPITAL,BREAK-IN/BURGLARY,2012,25
HOSPITAL,CUSTOMER THEFT (OR NON EMPLOYEE),2012,37
HOSPITAL,"DISASTER (FIRE, WEATHER, ETC.)",2012,0
HOSPITAL,EMPLOYEE THEFT (OR SUSPECTED),2012,1209
HOSPITAL,HIJACKING OF TRANSPORT VEHICLE,2012,0
HOSPITAL,LOSS IN TRANSIT,2012,701
HOSPITAL,OTHER,2012,1654
HOSPITAL,PACKAGING DISCREPANCY,2012,0
HOSPITAL,ROBBERY,2012,0
IMPORTER,"DISASTER (FIRE, WEATHER, ETC.)",2012,0
IMPORTER,LOSS IN TRANSIT,2012,1
IMPORTER,OTHER,2012,1
IMPORTER,PACKAGING DISCREPANCY,2012,0
MANUFACTURER,BREAK-IN/BURGLARY,2012,0
MANUFACTURER,CUSTOMER THEFT (OR NON EMPLOYEE),2012,0
MANUFACTURER,"DISASTER (FIRE, WEATHER, ETC.)",2012,0
MANUFACTURER,EMPLOYEE THEFT (OR SUSPECTED),2012,7
MANUFACTURER,LOSS IN TRANSIT,2012,39
MANUFACTURER,OTHER,2012,18
MANUFACTURER,PACKAGING DISCREPANCY,2012,0
MANUFACTURER,ROBBERY,2012,0
MID LEVEL PRACTITIONER,BREAK-IN/BURGLARY,2012,8
MID LEVEL PRACTITIONER,CUSTOMER THEFT (OR NON EMPLOYEE),2012,0
MID LEVEL PRACTITIONER,"DISASTER (FIRE, WEATHER, ETC.)",2012,0
MID LEVEL PRACTITIONER,EMPLOYEE THEFT (OR SUSPECTED),2012,41
MID LEVEL PRACTITIONER,LOSS IN TRANSIT,2012,5
MID LEVEL PRACTITIONER,OTHER,2012,57
MID LEVEL PRACTITIONER,PACKAGING DISCREPANCY,2012,0
MID LEVEL PRACTITIONER,ROBBERY,2012,0
NTP,BREAK-IN/BURGLARY,2012,0
NTP,CUSTOMER THEFT (OR NON EMPLOYEE),2012,1
NTP,"DISASTER (FIRE, WEATHER, ETC.)",2012,0
NTP,EMPLOYEE THEFT (OR SUSPECTED),2012,7
NTP,LOSS IN TRANSIT,2012,2
NTP,OTHER,2012,51
NTP,PACKAGING DISCREPANCY,2012,0
NTP,ROBBERY,2012,1
PHARMACY,BREAK-IN/BURGLARY,2012,1072
PHARMACY,CUSTOMER THEFT (OR NON EMPLOYEE),2012,129
PHARMACY,"DISASTER (FIRE, WEATHER, ETC.)",2012,0
PHARMACY,EMPLOYEE THEFT (OR SUSPECTED),2012,1454
PHARMACY,HIJACKING OF TRANSPORT VEHICLE,2012,0
PHARMACY,LOSS IN TRANSIT,2012,3211
PHARMACY,OTHER,2012,9709
PHARMACY,PACKAGING DISCREPANCY,2012,1
PHARMACY,ROBBERY,2012,785
PRACTITIONER,BREAK-IN/BURGLARY,2012,82
PRACTITIONER,CUSTOMER THEFT (OR NON EMPLOYEE),2012,26
PRACTITIONER,"DISASTER (FIRE, WEATHER, ETC.)",2012,0
PRACTITIONER,EMPLOYEE THEFT (OR SUSPECTED),2012,275
PRACTITIONER,HIJACKING OF TRANSPORT VEHICLE,2012,0
PRACTITIONER,LOSS IN TRANSIT,2012,24
PRACTITIONER,OTHER,2012,345
PRACTITIONER,PACKAGING DISCREPANCY,2012,0
PRACTITIONER,ROBBERY,2012,0
RESEARCHER,BREAK-IN/BURGLARY,2012,1
RESEARCHER,CUSTOMER THEFT (OR NON EMPLOYEE),2012,0
RESEARCHER,"DISASTER (FIRE, WEATHER, ETC.)",2012,0
RESEARCHER,EMPLOYEE THEFT (OR SUSPECTED),2012,7
RESEARCHER,LOSS IN TRANSIT,2012,0
RESEARCHER,OTHER,2012,23
RESEARCHER,PACKAGING DISCREPANCY,2012,0
REVERSE DISTRIBUTOR,BREAK-IN/BURGLARY,2012,0
REVERSE DISTRIBUTOR,CUSTOMER THEFT (OR NON EMPLOYEE),2012,0
REVERSE DISTRIBUTOR,"DISASTER (FIRE, WEATHER, ETC.)",2012,0
REVERSE DISTRIBUTOR,EMPLOYEE THEFT (OR SUSPECTED),2012,0
REVERSE DISTRIBUTOR,LOSS IN TRANSIT,2012,170
REVERSE DISTRIBUTOR,OTHER,2012,0
REVERSE DISTRIBUTOR,PACKAGING DISCREPANCY,2012,0
TEACHING INSTITUTION,EMPLOYEE THEFT (OR SUSPECTED),2012,1
TEACHING INSTITUTION,LOSS IN TRANSIT,2012,0
TEACHING INSTITUTION,OTHER,2012,5
TEACHING INSTITUTION,PACKAGING DISCREPANCY,2012,0
ANALYTICAL LAB,CUSTOMER THEFT (OR NON EMPLOYEE),2013,1
ANALYTICAL LAB,EMPLOYEE THEFT (OR SUSPECTED),2013,0
ANALYTICAL LAB,LOSS IN TRANSIT,2013,1
ANALYTICAL LAB,OTHER,2013,4
ANALYTICAL LAB,PACKAGING DISCREPANCY,2013,0
CANINE HANDLER,BREAK-IN/BURGLARY,2013,0
CANINE HANDLER,"DISASTER (FIRE, WEATHER, ETC.)",2013,0
CANINE HANDLER,EMPLOYEE THEFT (OR SUSPECTED),2013,0
CANINE HANDLER,LOSS IN TRANSIT,2013,1
CANINE HANDLER,OTHER,2013,5
CANINE HANDLER,PACKAGING DISCREPANCY,2013,0
DISTRIBUTOR,BREAK-IN/BURGLARY,2013,2
DISTRIBUTOR,CUSTOMER THEFT (OR NON EMPLOYEE),2013,1
DISTRIBUTOR,"DISASTER (FIRE, WEATHER, ETC.)",2013,0
DISTRIBUTOR,EMPLOYEE THEFT (OR SUSPECTED),2013,13
DISTRIBUTOR,HIJACKING OF TRANSPORT VEHICLE,2013,0
DISTRIBUTOR,LOSS IN TRANSIT,2013,987
DISTRIBUTOR,OTHER,2013,269
DISTRIBUTOR,PACKAGING DISCREPANCY,2013,0
DISTRIBUTOR,ROBBERY,2013,15
EXPORTER,LOSS IN TRANSIT,2013,2
EXPORTER,OTHER,2013,1
HOSPITAL,BREAK-IN/BURGLARY,2013,26
HOSPITAL,CUSTOMER THEFT (OR NON EMPLOYEE),2013,42
HOSPITAL,"DISASTER (FIRE, WEATHER, ETC.)",2013,0
HOSPITAL,EMPLOYEE THEFT (OR SUSPECTED),2013,1347
HOSPITAL,HIJACKING OF TRANSPORT VEHICLE,2013,0
HOSPITAL,LOSS IN TRANSIT,2013,580
HOSPITAL,OTHER,2013,1632
HOSPITAL,PACKAGING DISCREPANCY,2013,0
HOSPITAL,ROBBERY,2013,0
IMPORTER,"DISASTER (FIRE, WEATHER, ETC.)",2013,0
IMPORTER,LOSS IN TRANSIT,2013,1
IMPORTER,OTHER,2013,1
IMPORTER,PACKAGING DISCREPANCY,2013,0
MANUFACTURER,BREAK-IN/BURGLARY,2013,0
MANUFACTURER,CUSTOMER THEFT (OR NON EMPLOYEE),2013,0
MANUFACTURER,"DISASTER (FIRE, WEATHER, ETC.)",2013,0
MANUFACTURER,EMPLOYEE THEFT (OR SUSPECTED),2013,10
MANUFACTURER,LOSS IN TRANSIT,2013,39
MANUFACTURER,OTHER,2013,24
MANUFACTURER,PACKAGING DISCREPANCY,2013,0
MANUFACTURER,ROBBERY,2013,0
MID LEVEL PRACTITIONER,BREAK-IN/BURGLARY,2013,10
MID LEVEL PRACTITIONER,CUSTOMER THEFT (OR NON EMPLOYEE),2013,2
MID LEVEL PRACTITIONER,"DISASTER (FIRE, WEATHER, ETC.)",2013,0
MID LEVEL PRACTITIONER,EMPLOYEE THEFT (OR SUSPECTED),2013,39
MID LEVEL PRACTITIONER,LOSS IN TRANSIT,2013,2
MID LEVEL PRACTITIONER,OTHER,2013,54
MID LEVEL PRACTITIONER,PACKAGING DISCREPANCY,2013,0
MID LEVEL PRACTITIONER,ROBBERY,2013,0
NTP,BREAK-IN/BURGLARY,2013,0
NTP,CUSTOMER THEFT (OR NON EMPLOYEE),2013,3
NTP,"DISASTER (FIRE, WEATHER, ETC.)",2013,0
NTP,EMPLOYEE THEFT (OR SUSPECTED),2013,4
NTP,LOSS IN TRANSIT,2013,2
NTP,OTHER,2013,53
NTP,PACKAGING DISCREPANCY,2013,0
NTP,ROBBERY,2013,1
PHARMACY,BREAK-IN/BURGLARY,2013,1098
PHARMACY,CUSTOMER THEFT (OR NON EMPLOYEE),2013,193
PHARMACY,"DISASTER (FIRE, WEATHER, ETC.)",2013,0
PHARMACY,EMPLOYEE THEFT (OR SUSPECTED),2013,1216
PHARMACY,HIJACKING OF TRANSPORT VEHICLE,2013,0
PHARMACY,LOSS IN TRANSIT,2013,3228
PHARMACY,OTHER,2013,8910
PHARMACY,PACKAGING DISCREPANCY,2013,0
PHARMACY,ROBBERY,2013,722
PRACTITIONER,BREAK-IN/BURGLARY,2013,63
PRACTITIONER,CUSTOMER THEFT (OR NON EMPLOYEE),2013,27
PRACTITIONER,"DISASTER (FIRE, WEATHER, ETC.)",2013,0
PRACTITIONER,EMPLOYEE THEFT (OR SUSPECTED),2013,395
PRACTITIONER,HIJACKING OF TRANSPORT VEHICLE,2013,0
PRACTITIONER,LOSS IN TRANSIT,2013,16
PRACTITIONER,OTHER,2013,409
PRACTITIONER,PACKAGING DISCREPANCY,2013,0
PRACTITIONER,ROBBERY,2013,0
RESEARCHER,BREAK-IN/BURGLARY,2013,0
RESEARCHER,CUSTOMER THEFT (OR NON EMPLOYEE),2013,0
RESEARCHER,"DISASTER (FIRE, WEATHER, ETC.)",2013,0
RESEARCHER,EMPLOYEE THEFT (OR SUSPECTED),2013,2
RESEARCHER,LOSS IN TRANSIT,2013,0
RESEARCHER,OTHER,2013,23
RESEARCHER,PACKAGING DISCREPANCY,2013,0
REVERSE DISTRIBUTOR,BREAK-IN/BURGLARY,2013,0
REVERSE DISTRIBUTOR,CUSTOMER THEFT (OR NON EMPLOYEE),2013,0
REVERSE DISTRIBUTOR,"DISASTER (FIRE, WEATHER, ETC.)",2013,0
REVERSE DISTRIBUTOR,EMPLOYEE THEFT (OR SUSPECTED),2013,0
REVERSE DISTRIBUTOR,LOSS IN TRANSIT,2013,103
REVERSE DISTRIBUTOR,OTHER,2013,5
REVERSE DISTRIBUTOR,PACKAGING DISCREPANCY,2013,0
TEACHING INSTITUTION,EMPLOYEE THEFT (OR SUSPECTED),2013,0
TEACHING INSTITUTION,LOSS IN TRANSIT,2013,0
TEACHING INSTITUTION,OTHER,2013,2
TEACHING INSTITUTION,PACKAGING DISCREPANCY,2013,0
ANALYTICAL LAB,CUSTOMER THEFT (OR NON EMPLOYEE),2014,1
ANALYTICAL LAB,EMPLOYEE THEFT (OR SUSPECTED),2014,0
ANALYTICAL LAB,LOSS IN TRANSIT,2014,0
ANALYTICAL LAB,OTHER,2014,2
ANALYTICAL LAB,PACKAGING DISCREPANCY,2014,0
CANINE HANDLER,BREAK-IN/BURGLARY,2014,0
CANINE HANDLER,"DISASTER (FIRE, WEATHER, ETC.)",2014,0
CANINE HANDLER,EMPLOYEE THEFT (OR SUSPECTED),2014,1
CANINE HANDLER,LOSS IN TRANSIT,2014,0
CANINE HANDLER,OTHER,2014,4
CANINE HANDLER,PACKAGING DISCREPANCY,2014,0
DISTRIBUTOR,BREAK-IN/BURGLARY,2014,1
DISTRIBUTOR,CUSTOMER THEFT (OR NON EMPLOYEE),2014,3
DISTRIBUTOR,"DISASTER (FIRE, WEATHER, ETC.)",2014,0
DISTRIBUTOR,EMPLOYEE THEFT (OR SUSPECTED),2014,5
DISTRIBUTOR,HIJACKING OF TRANSPORT VEHICLE,2014,0
DISTRIBUTOR,LOSS IN TRANSIT,2014,823
DISTRIBUTOR,OTHER,2014,325
DISTRIBUTOR,PACKAGING DISCREPANCY,2014,0
DISTRIBUTOR,ROBBERY,2014,3
EXPORTER,LOSS IN TRANSIT,2014,2
EXPORTER,OTHER,2014,0
HOSPITAL,BREAK-IN/BURGLARY,2014,11
HOSPITAL,CUSTOMER THEFT (OR NON EMPLOYEE),2014,48
HOSPITAL,"DISASTER (FIRE, WEATHER, ETC.)",2014,0
HOSPITAL,EMPLOYEE THEFT (OR SUSPECTED),2014,1433
HOSPITAL,HIJACKING OF TRANSPORT VEHICLE,2014,0
HOSPITAL,LOSS IN TRANSIT,2014,578
HOSPITAL,OTHER,2014,1963
HOSPITAL,PACKAGING DISCREPANCY,2014,0
HOSPITAL,ROBBERY,2014,0
IMPORTER,"DISASTER (FIRE, WEATHER, ETC.)",2014,0
IMPORTER,LOSS IN TRANSIT,2014,0
IMPORTER,OTHER,2014,0
IMPORTER,PACKAGING DISCREPANCY,2014,0
MANUFACTURER,BREAK-IN/BURGLARY,2014,0
MANUFACTURER,CUSTOMER THEFT (OR NON EMPLOYEE),2014,0
MANUFACTURER,"DISASTER (FIRE, WEATHER, ETC.)",2014,0
MANUFACTURER,EMPLOYEE THEFT (OR SUSPECTED),2014,4
MANUFACTURER,LOSS IN TRANSIT,2014,22
MANUFACTURER,OTHER,2014,34
MANUFACTURER,PACKAGING DISCREPANCY,2014,0
MANUFACTURER,ROBBERY,2014,0
MID LEVEL PRACTITIONER,BREAK-IN/BURGLARY,2014,5
MID LEVEL PRACTITIONER,CUSTOMER THEFT (OR NON EMPLOYEE),2014,3
MID LEVEL PRACTITIONER,"DISASTER (FIRE, WEATHER, ETC.)",2014,0
MID LEVEL PRACTITIONER,EMPLOYEE THEFT (OR SUSPECTED),2014,27
MID LEVEL PRACTITIONER,LOSS IN TRANSIT,2014,3
MID LEVEL PRACTITIONER,OTHER,2014,66
MID LEVEL PRACTITIONER,PACKAGING DISCREPANCY,2014,0
MID LEVEL PRACTITIONER,ROBBERY,2014,0
NTP,BREAK-IN/BURGLARY,2014,1
NTP,CUSTOMER THEFT (OR NON EMPLOYEE),2014,5
NTP,"DISASTER (FIRE, WEATHER, ETC.)",2014,0
NTP,EMPLOYEE THEFT (OR SUSPECTED),2014,1
NTP,LOSS IN TRANSIT,2014,4
NTP,OTHER,2014,56
NTP,PACKAGING DISCREPANCY,2014,0
NTP,ROBBERY,2014,0
PHARMACY,BREAK-IN/BURGLARY,2014,1076
PHARMACY,CUSTOMER THEFT (OR NON EMPLOYEE),2014,182
PHARMACY,"DISASTER (FIRE, WEATHER, ETC.)",2014,0
PHARMACY,EMPLOYEE THEFT (OR SUSPECTED),2014,1503
PHARMACY,HIJACKING OF TRANSPORT VEHICLE,2014,0
PHARMACY,LOSS IN TRANSIT,2014,4447
PHARMACY,OTHER,2014,7128
PHARMACY,PACKAGING DISCREPANCY,2014,0
PHARMACY,ROBBERY,2014,833
PRACTITIONER,BREAK-IN/BURGLARY,2014,61
PRACTITIONER,CUSTOMER THEFT (OR NON EMPLOYEE),2014,19
PRACTITIONER,"DISASTER (FIRE, WEATHER, ETC.)",2014,0
PRACTITIONER,EMPLOYEE THEFT (OR SUSPECTED),2014,381
PRACTITIONER,HIJACKING OF TRANSPORT VEHICLE,2014,0
PRACTITIONER,LOSS IN TRANSIT,2014,44
PRACTITIONER,OTHER,2014,445
PRACTITIONER,PACKAGING DISCREPANCY,2014,0
PRACTITIONER,ROBBERY,2014,0
RESEARCHER,BREAK-IN/BURGLARY,2014,0
RESEARCHER,CUSTOMER THEFT (OR NON EMPLOYEE),2014,0
RESEARCHER,"DISASTER (FIRE, WEATHER, ETC.)",2014,0
RESEARCHER,EMPLOYEE THEFT (OR SUSPECTED),2014,2
RESEARCHER,LOSS IN TRANSIT,2014,3
RESEARCHER,OTHER,2014,20
RESEARCHER,PACKAGING DISCREPANCY,2014,0
REVERSE DISTRIBUTOR,BREAK-IN/BURGLARY,2014,0
REVERSE DISTRIBUTOR,CUSTOMER THEFT (OR NON EMPLOYEE),2014,0
REVERSE DISTRIBUTOR,"DISASTER (FIRE, WEATHER, ETC.)",2014,0
REVERSE DISTRIBUTOR,EMPLOYEE THEFT (OR SUSPECTED),2014,0
REVERSE DISTRIBUTOR,LOSS IN TRANSIT,2014,80
REVERSE DISTRIBUTOR,OTHER,2014,9
REVERSE DISTRIBUTOR,PACKAGING DISCREPANCY,2014,0
TEACHING INSTITUTION,EMPLOYEE THEFT (OR SUSPECTED),2014,3
TEACHING INSTITUTION,LOSS IN TRANSIT,2014,1
TEACHING INSTITUTION,OTHER,2014,5
TEACHING INSTITUTION,PACKAGING DISCREPANCY,2014,0
ANALYTICAL LAB,CUSTOMER THEFT (OR NON EMPLOYEE),2015,0
ANALYTICAL LAB,EMPLOYEE THEFT (OR SUSPECTED),2015,1
ANALYTICAL LAB,LOSS IN TRANSIT,2015,0
ANALYTICAL LAB,OTHER,2015,2
ANALYTICAL LAB,PACKAGING DISCREPANCY,2015,0
CANINE HANDLER,BREAK-IN/BURGLARY,2015,0
CANINE HANDLER,"DISASTER (FIRE, WEATHER, ETC.)",2015,0
CANINE HANDLER,EMPLOYEE THEFT (OR SUSPECTED),2015,0
CANINE HANDLER,LOSS IN TRANSIT,2015,0
CANINE HANDLER,OTHER,2015,3
CANINE HANDLER,PACKAGING DISCREPANCY,2015,0
DISTRIBUTOR,BREAK-IN/BURGLARY,2015,1
DISTRIBUTOR,CUSTOMER THEFT (OR NON EMPLOYEE),2015,1
DISTRIBUTOR,"DISASTER (FIRE, WEATHER, ETC.)",2015,0
DISTRIBUTOR,EMPLOYEE THEFT (OR SUSPECTED),2015,6
DISTRIBUTOR,HIJACKING OF TRANSPORT VEHICLE,2015,0
DISTRIBUTOR,LOSS IN TRANSIT,2015,815
DISTRIBUTOR,OTHER,2015,291
DISTRIBUTOR,PACKAGING DISCREPANCY,2015,0
DISTRIBUTOR,ROBBERY,2015,10
EXPORTER,LOSS IN TRANSIT,2015,2
EXPORTER,OTHER,2015,0
HOSPITAL,BREAK-IN/BURGLARY,2015,26
HOSPITAL,CUSTOMER THEFT (OR NON EMPLOYEE),2015,67
HOSPITAL,"DISASTER (FIRE, WEATHER, ETC.)",2015,0
HOSPITAL,EMPLOYEE THEFT (OR SUSPECTED),2015,1563
HOSPITAL,HIJACKING OF TRANSPORT VEHICLE,2015,0
HOSPITAL,LOSS IN TRANSIT,2015,1752
HOSPITAL,OTHER,2015,2717
HOSPITAL,PACKAGING DISCREPANCY,2015,0
HOSPITAL,ROBBERY,2015,1
IMPORTER,"DISASTER (FIRE, WEATHER, ETC.)",2015,0
IMPORTER,LOSS IN TRANSIT,2015,4
IMPORTER,OTHER,2015,0
IMPORTER,PACKAGING DISCREPANCY,2015,0
MANUFACTURER,BREAK-IN/BURGLARY,2015,0
MANUFACTURER,CUSTOMER THEFT (OR NON EMPLOYEE),2015,0
MANUFACTURER,"DISASTER (FIRE, WEATHER, ETC.)",2015,0
MANUFACTURER,EMPLOYEE THEFT (OR SUSPECTED),2015,10
MANUFACTURER,LOSS IN TRANSIT,2015,25
MANUFACTURER,OTHER,2015,22
MANUFACTURER,PACKAGING DISCREPANCY,2015,0
MANUFACTURER,ROBBERY,2015,0
MID LEVEL PRACTITIONER,BREAK-IN/BURGLARY,2015,8
MID LEVEL PRACTITIONER,CUSTOMER THEFT (OR NON EMPLOYEE),2015,7
MID LEVEL PRACTITIONER,"DISASTER (FIRE, WEATHER, ETC.)",2015,0
MID LEVEL PRACTITIONER,EMPLOYEE THEFT (OR SUSPECTED),2015,35
MID LEVEL PRACTITIONER,LOSS IN TRANSIT,2015,0
MID LEVEL PRACTITIONER,OTHER,2015,72
MID LEVEL PRACTITIONER,PACKAGING DISCREPANCY,2015,0
MID LEVEL PRACTITIONER,ROBBERY,2015,0
NTP,BREAK-IN/BURGLARY,2015,1
NTP,CUSTOMER THEFT (OR NON EMPLOYEE),2015,3
NTP,"DISASTER (FIRE, WEATHER, ETC.)",2015,0
NTP,EMPLOYEE THEFT (OR SUSPECTED),2015,1
NTP,LOSS IN TRANSIT,2015,3
NTP,OTHER,2015,42
NTP,PACKAGING DISCREPANCY,2015,0
NTP,ROBBERY,2015,0
PHARMACY,BREAK-IN/BURGLARY,2015,1067
PHARMACY,CUSTOMER THEFT (OR NON EMPLOYEE),2015,225
PHARMACY,"DISASTER (FIRE, WEATHER, ETC.)",2015,0
PHARMACY,EMPLOYEE THEFT (OR SUSPECTED),2015,1330
PHARMACY,HIJACKING OF TRANSPORT VEHICLE,2015,0
PHARMACY,LOSS IN TRANSIT,2015,6539
PHARMACY,OTHER,2015,7785
PHARMACY,PACKAGING DISCREPANCY,2015,0
PHARMACY,ROBBERY,2015,859
PRACTITIONER,BREAK-IN/BURGLARY,2015,62
PRACTITIONER,CUSTOMER THEFT (OR NON EMPLOYEE),2015,25
PRACTITIONER,"DISASTER (FIRE, WEATHER, ETC.)",2015,0
PRACTITIONER,EMPLOYEE THEFT (OR SUSPECTED),2015,385
PRACTITIONER,HIJACKING OF TRANSPORT VEHICLE,2015,0
PRACTITIONER,LOSS IN TRANSIT,2015,48
PRACTITIONER,OTHER,2015,516
PRACTITIONER,PACKAGING DISCREPANCY,2015,0
PRACTITIONER,ROBBERY,2015,2
RESEARCHER,BREAK-IN/BURGLARY,2015,0
RESEARCHER,CUSTOMER THEFT (OR NON EMPLOYEE),2015,0
RESEARCHER,"DISASTER (FIRE, WEATHER, ETC.)",2015,0
RESEARCHER,EMPLOYEE THEFT (OR SUSPECTED),2015,4
RESEARCHER,LOSS IN TRANSIT,2015,0
RESEARCHER,OTHER,2015,15
RESEARCHER,PACKAGING DISCREPANCY,2015,0
REVERSE DISTRIBUTOR,BREAK-IN/BURGLARY,2015,0
REVERSE DISTRIBUTOR,CUSTOMER THEFT (OR NON EMPLOYEE),2015,0
REVERSE DISTRIBUTOR,"DISASTER (FIRE, WEATHER, ETC.)",2015,0
REVERSE DISTRIBUTOR,EMPLOYEE THEFT (OR SUSPECTED),2015,0
REVERSE DISTRIBUTOR,LOSS IN TRANSIT,2015,81
REVERSE DISTRIBUTOR,OTHER,2015,9
REVERSE DISTRIBUTOR,PACKAGING DISCREPANCY,2015,0
TEACHING INSTITUTION,EMPLOYEE THEFT (OR SUSPECTED),2015,0
TEACHING INSTITUTION,LOSS IN TRANSIT,2015,0
TEACHING INSTITUTION,OTHER,2015,3
TEACHING INSTITUTION,PACKAGING DISCREPANCY,2015,0
ANALYTICAL LAB,CUSTOMER THEFT (OR NON EMPLOYEE),2016,0
ANALYTICAL LAB,EMPLOYEE THEFT (OR SUSPECTED),2016,1
ANALYTICAL LAB,LOSS IN TRANSIT,2016,2
ANALYTICAL LAB,OTHER,2016,6
ANALYTICAL LAB,PACKAGING DISCREPANCY,2016,0
CANINE HANDLER,BREAK-IN/BURGLARY,2016,0
CANINE HANDLER,"DISASTER (FIRE, WEATHER, ETC.)",2016,0
CANINE HANDLER,EMPLOYEE THEFT (OR SUSPECTED),2016,0
CANINE HANDLER,LOSS IN TRANSIT,2016,0
CANINE HANDLER,OTHER,2016,1
CANINE HANDLER,PACKAGING DISCREPANCY,2016,0
DISTRIBUTOR,BREAK-IN/BURGLARY,2016,2
DISTRIBUTOR,CUSTOMER THEFT (OR NON EMPLOYEE),2016,1
DISTRIBUTOR,"DISASTER (FIRE, WEATHER, ETC.)",2016,0
DISTRIBUTOR,EMPLOYEE THEFT (OR SUSPECTED),2016,20
DISTRIBUTOR,HIJACKING OF TRANSPORT VEHICLE,2016,0
DISTRIBUTOR,LOSS IN TRANSIT,2016,758
DISTRIBUTOR,OTHER,2016,237
DISTRIBUTOR,PACKAGING DISCREPANCY,2016,0
DISTRIBUTOR,ROBBERY,2016,6
EXPORTER,LOSS IN TRANSIT,2016,1
EXPORTER,OTHER,2016,0
HOSPITAL,BREAK-IN/BURGLARY,2016,16
HOSPITAL,CUSTOMER THEFT (OR NON EMPLOYEE),2016,58
HOSPITAL,"DISASTER (FIRE, WEATHER, ETC.)",2016,0
HOSPITAL,EMPLOYEE THEFT (OR SUSPECTED),2016,1545
HOSPITAL,HIJACKING OF TRANSPORT VEHICLE,2016,0
HOSPITAL,LOSS IN TRANSIT,2016,1834
HOSPITAL,OTHER,2016,2265
HOSPITAL,PACKAGING DISCREPANCY,2016,0
HOSPITAL,ROBBERY,2016,1
IMPORTER,"DISASTER (FIRE, WEATHER, ETC.)",2016,0
IMPORTER,LOSS IN TRANSIT,2016,6
IMPORTER,OTHER,2016,0
IMPORTER,PACKAGING DISCREPANCY,2016,0
MANUFACTURER,BREAK-IN/BURGLARY,2016,0
MANUFACTURER,CUSTOMER THEFT (OR NON EMPLOYEE),2016,0
MANUFACTURER,"DISASTER (FIRE, WEATHER, ETC.)",2016,0
MANUFACTURER,EMPLOYEE THEFT (OR SUSPECTED),2016,4
MANUFACTURER,LOSS IN TRANSIT,2016,22
MANUFACTURER,OTHER,2016,21
MANUFACTURER,PACKAGING DISCREPANCY,2016,0
MANUFACTURER,ROBBERY,2016,0
MID LEVEL PRACTITIONER,BREAK-IN/BURGLARY,2016,9
MID LEVEL PRACTITIONER,CUSTOMER THEFT (OR NON EMPLOYEE),2016,5
MID LEVEL PRACTITIONER,"DISASTER (FIRE, WEATHER, ETC.)",2016,0
MID LEVEL PRACTITIONER,EMPLOYEE THEFT (OR SUSPECTED),2016,61
MID LEVEL PRACTITIONER,LOSS IN TRANSIT,2016,0
MID LEVEL PRACTITIONER,OTHER,2016,59
MID LEVEL PRACTITIONER,PACKAGING DISCREPANCY,2016,0
MID LEVEL PRACTITIONER,ROBBERY,2016,0
NTP,BREAK-IN/BURGLARY,2016,1
NTP,CUSTOMER THEFT (OR NON EMPLOYEE),2016,3
NTP,"DISASTER (FIRE, WEATHER, ETC.)",2016,0
NTP,EMPLOYEE THEFT (OR SUSPECTED),2016,5
NTP,LOSS IN TRANSIT,2016,3
NTP,OTHER,2016,65
NTP,PACKAGING DISCREPANCY,2016,0
NTP,ROBBERY,2016,1
PHARMACY,BREAK-IN/BURGLARY,2016,1278
PHARMACY,CUSTOMER THEFT (OR NON EMPLOYEE),2016,261
PHARMACY,"DISASTER (FIRE, WEATHER, ETC.)",2016,0
PHARMACY,EMPLOYEE THEFT (OR SUSPECTED),2016,1329
PHARMACY,HIJACKING OF TRANSPORT VEHICLE,2016,0
PHARMACY,LOSS IN TRANSIT,2016,8488
PHARMACY,OTHER,2016,7567
PHARMACY,PACKAGING DISCREPANCY,2016,1
PHARMACY,ROBBERY,2016,826
PRACTITIONER,BREAK-IN/BURGLARY,2016,48
PRACTITIONER,CUSTOMER THEFT (OR NON EMPLOYEE),2016,22
PRACTITIONER,"DISASTER (FIRE, WEATHER, ETC.)",2016,0
PRACTITIONER,EMPLOYEE THEFT (OR SUSPECTED),2016,346
PRACTITIONER,HIJACKING OF TRANSPORT VEHICLE,2016,0
PRACTITIONER,LOSS IN TRANSIT,2016,56
PRACTITIONER,OTHER,2016,661
PRACTITIONER,PACKAGING DISCREPANCY,2016,0
PRACTITIONER,ROBBERY,2016,1
RESEARCHER,BREAK-IN/BURGLARY,2016,0
RESEARCHER,CUSTOMER THEFT (OR NON EMPLOYEE),2016,0
RESEARCHER,"DISASTER (FIRE, WEATHER, ETC.)",2016,0
RESEARCHER,EMPLOYEE THEFT (OR SUSPECTED),2016,5
RESEARCHER,LOSS IN TRANSIT,2016,1
RESEARCHER,OTHER,2016,26
RESEARCHER,PACKAGING DISCREPANCY,2016,0
REVERSE DISTRIBUTOR,BREAK-IN/BURGLARY,2016,0
REVERSE DISTRIBUTOR,CUSTOMER THEFT (OR NON EMPLOYEE),2016,0
REVERSE DISTRIBUTOR,"DISASTER (FIRE, WEATHER, ETC.)",2016,0
REVERSE DISTRIBUTOR,EMPLOYEE THEFT (OR SUSPECTED),2016,0
REVERSE DISTRIBUTOR,LOSS IN TRANSIT,2016,43
REVERSE DISTRIBUTOR,OTHER,2016,1
REVERSE DISTRIBUTOR,PACKAGING DISCREPANCY,2016,0
TEACHING INSTITUTION,EMPLOYEE THEFT (OR SUSPECTED),2016,0
TEACHING INSTITUTION,LOSS IN TRANSIT,2016,0
TEACHING INSTITUTION,OTHER,2016,3
TEACHING INSTITUTION,PACKAGING DISCREPANCY,2016,0
ANALYTICAL LAB,CUSTOMER THEFT (OR NON EMPLOYEE),2017,0
ANALYTICAL LAB,EMPLOYEE THEFT (OR SUSPECTED),2017,0
ANALYTICAL LAB,LOSS IN TRANSIT,2017,1
ANALYTICAL LAB,OTHER,2017,8
ANALYTICAL LAB,PACKAGING DISCREPANCY,2017,0
CANINE HANDLER,BREAK-IN/BURGLARY,2017,0
CANINE HANDLER,"DISASTER (FIRE, WEATHER, ETC.)",2017,0
CANINE HANDLER,EMPLOYEE THEFT (OR SUSPECTED),2017,1
CANINE HANDLER,LOSS IN TRANSIT,2017,0
CANINE HANDLER,OTHER,2017,3
CANINE HANDLER,PACKAGING DISCREPANCY,2017,0
DISTRIBUTOR,BREAK-IN/BURGLARY,2017,1
DISTRIBUTOR,CUSTOMER THEFT (OR NON EMPLOYEE),2017,1
DISTRIBUTOR,"DISASTER (FIRE, WEATHER, ETC.)",2017,0
DISTRIBUTOR,EMPLOYEE THEFT (OR SUSPECTED),2017,12
DISTRIBUTOR,HIJACKING OF TRANSPORT VEHICLE,2017,0
DISTRIBUTOR,LOSS IN TRANSIT,2017,733
DISTRIBUTOR,OTHER,2017,283
DISTRIBUTOR,PACKAGING DISCREPANCY,2017,0
DISTRIBUTOR,ROBBERY,2017,6
EXPORTER,LOSS IN TRANSIT,2017,2
EXPORTER,OTHER,2017,0
HOSPITAL,BREAK-IN/BURGLARY,2017,14
HOSPITAL,CUSTOMER THEFT (OR NON EMPLOYEE),2017,46
HOSPITAL,"DISASTER (FIRE, WEATHER, ETC.)",2017,0
HOSPITAL,EMPLOYEE THEFT (OR SUSPECTED),2017,1546
HOSPITAL,HIJACKING OF TRANSPORT VEHICLE,2017,0
HOSPITAL,LOSS IN TRANSIT,2017,1324
HOSPITAL,OTHER,2017,2026
HOSPITAL,PACKAGING DISCREPANCY,2017,1
HOSPITAL,ROBBERY,2017,0
IMPORTER,"DISASTER (FIRE, WEATHER, ETC.)",2017,0
IMPORTER,LOSS IN TRANSIT,2017,2
IMPORTER,OTHER,2017,4
IMPORTER,PACKAGING DISCREPANCY,2017,0
MANUFACTURER,BREAK-IN/BURGLARY,2017,0
MANUFACTURER,CUSTOMER THEFT (OR NON EMPLOYEE),2017,1
MANUFACTURER,"DISASTER (FIRE, WEATHER, ETC.)",2017,0
MANUFACTURER,EMPLOYEE THEFT (OR SUSPECTED),2017,6
MANUFACTURER,LOSS IN TRANSIT,2017,39
MANUFACTURER,OTHER,2017,21
MANUFACTURER,PACKAGING DISCREPANCY,2017,0
MANUFACTURER,ROBBERY,2017,0
MID LEVEL PRACTITIONER,BREAK-IN/BURGLARY,2017,5
MID LEVEL PRACTITIONER,CUSTOMER THEFT (OR NON EMPLOYEE),2017,1
MID LEVEL PRACTITIONER,"DISASTER (FIRE, WEATHER, ETC.)",2017,0
MID LEVEL PRACTITIONER,EMPLOYEE THEFT (OR SUSPECTED),2017,62
MID LEVEL PRACTITIONER,LOSS IN TRANSIT,2017,2
MID LEVEL PRACTITIONER,OTHER,2017,62
MID LEVEL PRACTITIONER,PACKAGING DISCREPANCY,2017,0
MID LEVEL PRACTITIONER,ROBBERY,2017,0
NTP,BREAK-IN/BURGLARY,2017,0
NTP,CUSTOMER THEFT (OR NON EMPLOYEE),2017,6
NTP,"DISASTER (FIRE, WEATHER, ETC.)",2017,0
NTP,EMPLOYEE THEFT (OR SUSPECTED),2017,4
NTP,LOSS IN TRANSIT,2017,2
NTP,OTHER,2017,56
NTP,PACKAGING DISCREPANCY,2017,0
NTP,ROBBERY,2017,0
PHARMACY,BREAK-IN/BURGLARY,2017,1282
PHARMACY,CUSTOMER THEFT (OR NON EMPLOYEE),2017,148
PHARMACY,"DISASTER (FIRE, WEATHER, ETC.)",2017,0
PHARMACY,EMPLOYEE THEFT (OR SUSPECTED),2017,1209
PHARMACY,HIJACKING OF TRANSPORT VEHICLE,2017,0
PHARMACY,LOSS IN TRANSIT,2017,8761
PHARMACY,OTHER,2017,7846
PHARMACY,PACKAGING DISCREPANCY,2017,0
PHARMACY,ROBBERY,2017,877
PRACTITIONER,BREAK-IN/BURGLARY,2017,48
PRACTITIONER,CUSTOMER THEFT (OR NON EMPLOYEE),2017,32
PRACTITIONER,"DISASTER (FIRE, WEATHER, ETC.)",2017,0
PRACTITIONER,EMPLOYEE THEFT (OR SUSPECTED),2017,357
PRACTITIONER,HIJACKING OF TRANSPORT VEHICLE,2017,0
PRACTITIONER,LOSS IN TRANSIT,2017,39
PRACTITIONER,OTHER,2017,720
PRACTITIONER,PACKAGING DISCREPANCY,2017,1
PRACTITIONER,ROBBERY,2017,1
RESEARCHER,BREAK-IN/BURGLARY,2017,0
RESEARCHER,CUSTOMER THEFT (OR NON EMPLOYEE),2017,1
RESEARCHER,"DISASTER (FIRE, WEATHER, ETC.)",2017,0
RESEARCHER,EMPLOYEE THEFT (OR SUSPECTED),2017,3
RESEARCHER,LOSS IN TRANSIT,2017,4
RESEARCHER,OTHER,2017,33
RESEARCHER,PACKAGING DISCREPANCY,2017,0
REVERSE DISTRIBUTOR,BREAK-IN/BURGLARY,2017,0
REVERSE DISTRIBUTOR,CUSTOMER THEFT (OR NON EMPLOYEE),2017,2
REVERSE DISTRIBUTOR,"DISASTER (FIRE, WEATHER, ETC.)",2017,0
REVERSE DISTRIBUTOR,EMPLOYEE THEFT (OR SUSPECTED),2017,0
REVERSE DISTRIBUTOR,LOSS IN TRANSIT,2017,39
REVERSE DISTRIBUTOR,OTHER,2017,16
REVERSE DISTRIBUTOR,PACKAGING DISCREPANCY,2017,0
TEACHING INSTITUTION,EMPLOYEE THEFT (OR SUSPECTED),2017,0
TEACHING INSTITUTION,LOSS IN TRANSIT,2017,0
TEACHING INSTITUTION,OTHER,2017,1
TEACHING INSTITUTION,PACKAGING DISCREPANCY,2017,0
ANALYTICAL LAB,CUSTOMER THEFT (OR NON EMPLOYEE),2018,0
ANALYTICAL LAB,EMPLOYEE THEFT (OR SUSPECTED),2018,1
ANALYTICAL LAB,LOSS IN TRANSIT,2018,1
ANALYTICAL LAB,OTHER,2018,7
ANALYTICAL LAB,PACKAGING DISCREPANCY,2018,0
CANINE HANDLER,BREAK-IN/BURGLARY,2018,0
CANINE HANDLER,"DISASTER (FIRE, WEATHER, ETC.)",2018,0
CANINE HANDLER,EMPLOYEE THEFT (OR SUSPECTED),2018,0
CANINE HANDLER,LOSS IN TRANSIT,2018,0
CANINE HANDLER,OTHER,2018,5
CANINE HANDLER,PACKAGING DISCREPANCY,2018,0
DISTRIBUTOR,BREAK-IN/BURGLARY,2018,7
DISTRIBUTOR,CUSTOMER THEFT (OR NON EMPLOYEE),2018,1
DISTRIBUTOR,"DISASTER (FIRE, WEATHER, ETC.)",2018,0
DISTRIBUTOR,EMPLOYEE THEFT (OR SUSPECTED),2018,9
DISTRIBUTOR,HIJACKING OF TRANSPORT VEHICLE,2018,0
DISTRIBUTOR,LOSS IN TRANSIT,2018,804
DISTRIBUTOR,OTHER,2018,299
DISTRIBUTOR,PACKAGING DISCREPANCY,2018,0
DISTRIBUTOR,ROBBERY,2018,12
EXPORTER,LOSS IN TRANSIT,2018,0
EXPORTER,OTHER,2018,0
HOSPITAL,BREAK-IN/BURGLARY,2018,16
HOSPITAL,CUSTOMER THEFT (OR NON EMPLOYEE),2018,42
HOSPITAL,"DISASTER (FIRE, WEATHER, ETC.)",2018,1
HOSPITAL,EMPLOYEE THEFT (OR SUSPECTED),2018,1412
HOSPITAL,HIJACKING OF TRANSPORT VEHICLE,2018,0
HOSPITAL,LOSS IN TRANSIT,2018,1101
HOSPITAL,OTHER,2018,1765
HOSPITAL,PACKAGING DISCREPANCY,2018,0
HOSPITAL,ROBBERY,2018,0
IMPORTER,"DISASTER (FIRE, WEATHER, ETC.)",2018,0
IMPORTER,LOSS IN TRANSIT,2018,3
IMPORTER,OTHER,2018,4
IMPORTER,PACKAGING DISCREPANCY,2018,0
MANUFACTURER,BREAK-IN/BURGLARY,2018,0
MANUFACTURER,CUSTOMER THEFT (OR NON EMPLOYEE),2018,0
MANUFACTURER,"DISASTER (FIRE, WEATHER, ETC.)",2018,0
MANUFACTURER,EMPLOYEE THEFT (OR SUSPECTED),2018,9
MANUFACTURER,LOSS IN TRANSIT,2018,34
MANUFACTURER,OTHER,2018,34
MANUFACTURER,PACKAGING DISCREPANCY,2018,0
MANUFACTURER,ROBBERY,2018,0
MID LEVEL PRACTITIONER,BREAK-IN/BURGLARY,2018,5
MID LEVEL PRACTITIONER,CUSTOMER THEFT (OR NON EMPLOYEE),2018,3
MID LEVEL PRACTITIONER,"DISASTER (FIRE, WEATHER, ETC.)",2018,0
MID LEVEL PRACTITIONER,EMPLOYEE THEFT (OR SUSPECTED),2018,49
MID LEVEL PRACTITIONER,LOSS IN TRANSIT,2018,0
MID LEVEL PRACTITIONER,OTHER,2018,66
MID LEVEL PRACTITIONER,PACKAGING DISCREPANCY,2018,0
MID LEVEL PRACTITIONER,ROBBERY,2018,0
NTP,BREAK-IN/BURGLARY,2018,0
NTP,CUSTOMER THEFT (OR NON EMPLOYEE),2018,8
NTP,"DISASTER (FIRE, WEATHER, ETC.)",2018,0
NTP,EMPLOYEE THEFT (OR SUSPECTED),2018,16
NTP,LOSS IN TRANSIT,2018,9
NTP,OTHER,2018,56
NTP,PACKAGING DISCREPANCY,2018,0
NTP,ROBBERY,2018,0
PHARMACY,BREAK-IN/BURGLARY,2018,809
PHARMACY,CUSTOMER THEFT (OR NON EMPLOYEE),2018,158
PHARMACY,"DISASTER (FIRE, WEATHER, ETC.)",2018,0
PHARMACY,EMPLOYEE THEFT (OR SUSPECTED),2018,898
PHARMACY,HIJACKING OF TRANSPORT VEHICLE,2018,0
PHARMACY,LOSS IN TRANSIT,2018,7779
PHARMACY,OTHER,2018,8502
PHARMACY,PACKAGING DISCREPANCY,2018,18
PHARMACY,ROBBERY,2018,649
PRACTITIONER,BREAK-IN/BURGLARY,2018,38
PRACTITIONER,CUSTOMER THEFT (OR NON EMPLOYEE),2018,36
PRACTITIONER,"DISASTER (FIRE, WEATHER, ETC.)",2018,1
PRACTITIONER,EMPLOYEE THEFT (OR SUSPECTED),2018,275
PRACTITIONER,HIJACKING OF TRANSPORT VEHICLE,2018,0
PRACTITIONER,LOSS IN TRANSIT,2018,51
PRACTITIONER,OTHER,2018,629
PRACTITIONER,PACKAGING DISCREPANCY,2018,1
PRACTITIONER,ROBBERY,2018,1
RESEARCHER,BREAK-IN/BURGLARY,2018,0
RESEARCHER,CUSTOMER THEFT (OR NON EMPLOYEE),2018,0
RESEARCHER,"DISASTER (FIRE, WEATHER, ETC.)",2018,0
RESEARCHER,EMPLOYEE THEFT (OR SUSPECTED),2018,0
RESEARCHER,LOSS IN TRANSIT,2018,4
RESEARCHER,OTHER,2018,37
RESEARCHER,PACKAGING DISCREPANCY,2018,0
REVERSE DISTRIBUTOR,BREAK-IN/BURGLARY,2018,0
REVERSE DISTRIBUTOR,CUSTOMER THEFT (OR NON EMPLOYEE),2018,0
REVERSE DISTRIBUTOR,"DISASTER (FIRE, WEATHER, ETC.)",2018,0
REVERSE DISTRIBUTOR,EMPLOYEE THEFT (OR SUSPECTED),2018,0
REVERSE DISTRIBUTOR,LOSS IN TRANSIT,2018,14
REVERSE DISTRIBUTOR,OTHER,2018,22
REVERSE DISTRIBUTOR,PACKAGING DISCREPANCY,2018,1
TEACHING INSTITUTION,EMPLOYEE THEFT (OR SUSPECTED),2018,1
TEACHING INSTITUTION,LOSS IN TRANSIT,2018,0
TEACHING INSTITUTION,OTHER,2018,0
TEACHING INSTITUTION,PACKAGING DISCREPANCY,2018,0
ANALYTICAL LAB,CUSTOMER THEFT (OR NON EMPLOYEE),2019,0
ANALYTICAL LAB,EMPLOYEE THEFT (OR SUSPECTED),2019,0
ANALYTICAL LAB,LOSS IN TRANSIT,2019,1
ANALYTICAL LAB,OTHER,2019,0
ANALYTICAL LAB,PACKAGING DISCREPANCY,2019,8
CANINE HANDLER,BREAK-IN/BURGLARY,2019,0
CANINE HANDLER,"DISASTER (FIRE, WEATHER, ETC.)",2019,1
CANINE HANDLER,EMPLOYEE THEFT (OR SUSPECTED),2019,0
CANINE HANDLER,LOSS IN TRANSIT,2019,1
CANINE HANDLER,OTHER,2019,1
CANINE HANDLER,PACKAGING DISCREPANCY,2019,0
DISTRIBUTOR,BREAK-IN/BURGLARY,2019,0
DISTRIBUTOR,CUSTOMER THEFT (OR NON EMPLOYEE),2019,6
DISTRIBUTOR,"DISASTER (FIRE, WEATHER, ETC.)",2019,0
DISTRIBUTOR,EMPLOYEE THEFT (OR SUSPECTED),2019,21
DISTRIBUTOR,HIJACKING OF TRANSPORT VEHICLE,2019,14
DISTRIBUTOR,LOSS IN TRANSIT,2019,693
DISTRIBUTOR,OTHER,2019,49
DISTRIBUTOR,PACKAGING DISCREPANCY,2019,133
DISTRIBUTOR,ROBBERY,2019,13
EXPORTER,LOSS IN TRANSIT,2019,1
EXPORTER,OTHER,2019,0
HOSPITAL,BREAK-IN/BURGLARY,2019,15
HOSPITAL,CUSTOMER THEFT (OR NON EMPLOYEE),2019,87
HOSPITAL,"DISASTER (FIRE, WEATHER, ETC.)",2019,7
HOSPITAL,EMPLOYEE THEFT (OR SUSPECTED),2019,2335
HOSPITAL,HIJACKING OF TRANSPORT VEHICLE,2019,0
HOSPITAL,LOSS IN TRANSIT,2019,1196
HOSPITAL,OTHER,2019,461
HOSPITAL,PACKAGING DISCREPANCY,2019,394
HOSPITAL,ROBBERY,2019,2
IMPORTER,"DISASTER (FIRE, WEATHER, ETC.)",2019,0
IMPORTER,LOSS IN TRANSIT,2019,1
IMPORTER,OTHER,2019,0
IMPORTER,PACKAGING DISCREPANCY,2019,1
MANUFACTURER,BREAK-IN/BURGLARY,2019,0
MANUFACTURER,CUSTOMER THEFT (OR NON EMPLOYEE),2019,0
MANUFACTURER,"DISASTER (FIRE, WEATHER, ETC.)",2019,0
MANUFACTURER,EMPLOYEE THEFT (OR SUSPECTED),2019,8
MANUFACTURER,LOSS IN TRANSIT,2019,25
MANUFACTURER,OTHER,2019,3
MANUFACTURER,PACKAGING DISCREPANCY,2019,8
MANUFACTURER,ROBBERY,2019,0
MID LEVEL PRACTITIONER,BREAK-IN/BURGLARY,2019,8
MID LEVEL PRACTITIONER,CUSTOMER THEFT (OR NON EMPLOYEE),2019,5
MID LEVEL PRACTITIONER,"DISASTER (FIRE, WEATHER, ETC.)",2019,2
MID LEVEL PRACTITIONER,EMPLOYEE THEFT (OR SUSPECTED),2019,54
MID LEVEL PRACTITIONER,LOSS IN TRANSIT,2019,3
MID LEVEL PRACTITIONER,OTHER,2019,12
MID LEVEL PRACTITIONER,PACKAGING DISCREPANCY,2019,6
MID LEVEL PRACTITIONER,ROBBERY,2019,1
NTP,BREAK-IN/BURGLARY,2019,0
NTP,CUSTOMER THEFT (OR NON EMPLOYEE),2019,5
NTP,"DISASTER (FIRE, WEATHER, ETC.)",2019,4
NTP,EMPLOYEE THEFT (OR SUSPECTED),2019,6
NTP,LOSS IN TRANSIT,2019,4
NTP,OTHER,2019,18
NTP,PACKAGING DISCREPANCY,2019,64
NTP,ROBBERY,2019,2
PHARMACY,BREAK-IN/BURGLARY,2019,769
PHARMACY,CUSTOMER THEFT (OR NON EMPLOYEE),2019,335
PHARMACY,"DISASTER (FIRE, WEATHER, ETC.)",2019,50
PHARMACY,EMPLOYEE THEFT (OR SUSPECTED),2019,2353
PHARMACY,HIJACKING OF TRANSPORT VEHICLE,2019,5
PHARMACY,LOSS IN TRANSIT,2019,6870
PHARMACY,OTHER,2019,1659
PHARMACY,PACKAGING DISCREPANCY,2019,3961
PHARMACY,ROBBERY,2019,382
PRACTITIONER,BREAK-IN/BURGLARY,2019,43
PRACTITIONER,CUSTOMER THEFT (OR NON EMPLOYEE),2019,70
PRACTITIONER,"DISASTER (FIRE, WEATHER, ETC.)",2019,38
PRACTITIONER,EMPLOYEE THEFT (OR SUSPECTED),2019,452
PRACTITIONER,HIJACKING OF TRANSPORT VEHICLE,2019,0
PRACTITIONER,LOSS IN TRANSIT,2019,42
PRACTITIONER,OTHER,2019,146
PRACTITIONER,PACKAGING DISCREPANCY,2019,105
PRACTITIONER,ROBBERY,2019,7
RESEARCHER,BREAK-IN/BURGLARY,2019,1
RESEARCHER,CUSTOMER THEFT (OR NON EMPLOYEE),2019,0
RESEARCHER,"DISASTER (FIRE, WEATHER, ETC.)",2019,3
RESEARCHER,EMPLOYEE THEFT (OR SUSPECTED),2019,7
RESEARCHER,LOSS IN TRANSIT,2019,2
RESEARCHER,OTHER,2019,7
RESEARCHER,PACKAGING DISCREPANCY,2019,2
REVERSE DISTRIBUTOR,BREAK-IN/BURGLARY,2019,3
REVERSE DISTRIBUTOR,CUSTOMER THEFT (OR NON EMPLOYEE),2019,0
REVERSE DISTRIBUTOR,"DISASTER (FIRE, WEATHER, ETC.)",2019,0
REVERSE DISTRIBUTOR,EMPLOYEE THEFT (OR SUSPECTED),2019,0
REVERSE DISTRIBUTOR,LOSS IN TRANSIT,2019,1332
REVERSE DISTRIBUTOR,OTHER,2019,0
REVERSE DISTRIBUTOR,PACKAGING DISCREPANCY,2019,100
TEACHING INSTITUTION,EMPLOYEE THEFT (OR SUSPECTED),2019,2
TEACHING INSTITUTION,LOSS IN TRANSIT,2019,0
TEACHING INSTITUTION,OTHER,2019,0
TEACHING INSTITUTION,PACKAGING DISCREPANCY,2019,0
ANALYTICAL LAB,CUSTOMER THEFT (OR NON EMPLOYEE),2020,0
ANALYTICAL LAB,EMPLOYEE THEFT (OR SUSPECTED),2020,3
ANALYTICAL LAB,LOSS IN TRANSIT,2020,0
ANALYTICAL LAB,OTHER,2020,0
ANALYTICAL LAB,PACKAGING DISCREPANCY,2020,2
CANINE HANDLER,BREAK-IN/BURGLARY,2020,0
CANINE HANDLER,"DISASTER (FIRE, WEATHER, ETC.)",2020,1
CANINE HANDLER,EMPLOYEE THEFT (OR SUSPECTED),2020,1
CANINE HANDLER,LOSS IN TRANSIT,2020,0
CANINE HANDLER,OTHER,2020,0
CANINE HANDLER,PACKAGING DISCREPANCY,2020,1
DISTRIBUTOR,BREAK-IN/BURGLARY,2020,1
DISTRIBUTOR,CUSTOMER THEFT (OR NON EMPLOYEE),2020,5
DISTRIBUTOR,"DISASTER (FIRE, WEATHER, ETC.)",2020,3
DISTRIBUTOR,EMPLOYEE THEFT (OR SUSPECTED),2020,10
DISTRIBUTOR,HIJACKING OF TRANSPORT VEHICLE,2020,11
DISTRIBUTOR,LOSS IN TRANSIT,2020,593
DISTRIBUTOR,OTHER,2020,0
DISTRIBUTOR,PACKAGING DISCREPANCY,2020,131
DISTRIBUTOR,ROBBERY,2020,4
EXPORTER,LOSS IN TRANSIT,2020,0
EXPORTER,OTHER,2020,0
HOSPITAL,BREAK-IN/BURGLARY,2020,8
HOSPITAL,CUSTOMER THEFT (OR NON EMPLOYEE),2020,63
HOSPITAL,"DISASTER (FIRE, WEATHER, ETC.)",2020,4
HOSPITAL,EMPLOYEE THEFT (OR SUSPECTED),2020,2064
HOSPITAL,HIJACKING OF TRANSPORT VEHICLE,2020,1
HOSPITAL,LOSS IN TRANSIT,2020,1102
HOSPITAL,OTHER,2020,0
HOSPITAL,PACKAGING DISCREPANCY,2020,429
HOSPITAL,ROBBERY,2020,1
IMPORTER,"DISASTER (FIRE, WEATHER, ETC.)",2020,0
IMPORTER,LOSS IN TRANSIT,2020,0
IMPORTER,OTHER,2020,0
IMPORTER,PACKAGING DISCREPANCY,2020,0
MANUFACTURER,BREAK-IN/BURGLARY,2020,0
MANUFACTURER,CUSTOMER THEFT (OR NON EMPLOYEE),2020,0
MANUFACTURER,"DISASTER (FIRE, WEATHER, ETC.)",2020,0
MANUFACTURER,EMPLOYEE THEFT (OR SUSPECTED),2020,5
MANUFACTURER,LOSS IN TRANSIT,2020,38
MANUFACTURER,OTHER,2020,0
MANUFACTURER,PACKAGING DISCREPANCY,2020,17
MANUFACTURER,ROBBERY,2020,0
MID LEVEL PRACTITIONER,BREAK-IN/BURGLARY,2020,8
MID LEVEL PRACTITIONER,CUSTOMER THEFT (OR NON EMPLOYEE),2020,16
MID LEVEL PRACTITIONER,"DISASTER (FIRE, WEATHER, ETC.)",2020,2
MID LEVEL PRACTITIONER,EMPLOYEE THEFT (OR SUSPECTED),2020,40
MID LEVEL PRACTITIONER,LOSS IN TRANSIT,2020,4
MID LEVEL PRACTITIONER,OTHER,2020,0
MID LEVEL PRACTITIONER,PACKAGING DISCREPANCY,2020,4
MID LEVEL PRACTITIONER,ROBBERY,2020,2
NTP,BREAK-IN/BURGLARY,2020,0
NTP,CUSTOMER THEFT (OR NON EMPLOYEE),2020,7
NTP,"DISASTER (FIRE, WEATHER, ETC.)",2020,10
NTP,EMPLOYEE THEFT (OR SUSPECTED),2020,18
NTP,LOSS IN TRANSIT,2020,3
NTP,OTHER,2020,0
NTP,PACKAGING DISCREPANCY,2020,116
NTP,ROBBERY,2020,0
PHARMACY,BREAK-IN/BURGLARY,2020,1661
PHARMACY,CUSTOMER THEFT (OR NON EMPLOYEE),2020,366
PHARMACY,"DISASTER (FIRE, WEATHER, ETC.)",2020,46
PHARMACY,EMPLOYEE THEFT (OR SUSPECTED),2020,2775
PHARMACY,HIJACKING OF TRANSPORT VEHICLE,2020,6
PHARMACY,LOSS IN TRANSIT,2020,8636
PHARMACY,OTHER,2020,0
PHARMACY,PACKAGING DISCREPANCY,2020,4062
PHARMACY,ROBBERY,2020,491
PRACTITIONER,BREAK-IN/BURGLARY,2020,39
PRACTITIONER,CUSTOMER THEFT (OR NON EMPLOYEE),2020,44
PRACTITIONER,"DISASTER (FIRE, WEATHER, ETC.)",2020,32
PRACTITIONER,EMPLOYEE THEFT (OR SUSPECTED),2020,276
PRACTITIONER,HIJACKING OF TRANSPORT VEHICLE,2020,0
PRACTITIONER,LOSS IN TRANSIT,2020,45
PRACTITIONER,OTHER,2020,0
PRACTITIONER,PACKAGING DISCREPANCY,2020,99
PRACTITIONER,ROBBERY,2020,10
RESEARCHER,BREAK-IN/BURGLARY,2020,1
RESEARCHER,CUSTOMER THEFT (OR NON EMPLOYEE),2020,0
RESEARCHER,"DISASTER (FIRE, WEATHER, ETC.)",2020,2
RESEARCHER,EMPLOYEE THEFT (OR SUSPECTED),2020,6
RESEARCHER,LOSS IN TRANSIT,2020,4
RESEARCHER,OTHER,2020,0
RESEARCHER,PACKAGING DISCREPANCY,2020,2
REVERSE DISTRIBUTOR,BREAK-IN/BURGLARY,2020,1
REVERSE DISTRIBUTOR,CUSTOMER THEFT (OR NON EMPLOYEE),2020,0
REVERSE DISTRIBUTOR,"DISASTER (FIRE, WEATHER, ETC.)",2020,1
REVERSE DISTRIBUTOR,EMPLOYEE THEFT (OR SUSPECTED),2020,4
REVERSE DISTRIBUTOR,LOSS IN TRANSIT,2020,1740
REVERSE DISTRIBUTOR,OTHER,2020,0
REVERSE DISTRIBUTOR,PACKAGING DISCREPANCY,2020,1284
TEACHING INSTITUTION,EMPLOYEE THEFT (OR SUSPECTED),2020,2
TEACHING INSTITUTION,LOSS IN TRANSIT,2020,0
TEACHING INSTITUTION,OTHER,2020,0
TEACHING INSTITUTION,PACKAGING DISCREPANCY,2020,0
ANALYTICAL LAB,CUSTOMER THEFT (OR NON EMPLOYEE),2021,0
ANALYTICAL LAB,EMPLOYEE THEFT (OR SUSPECTED),2021,0
ANALYTICAL LAB,LOSS IN TRANSIT,2021,1
ANALYTICAL LAB,OTHER,2021,0
ANALYTICAL LAB,PACKAGING DISCREPANCY,2021,0
CANINE HANDLER,BREAK-IN/BURGLARY,2021,0
CANINE HANDLER,"DISASTER (FIRE, WEATHER, ETC.)",2021,0
CANINE HANDLER,EMPLOYEE THEFT (OR SUSPECTED),2021,1
CANINE HANDLER,LOSS IN TRANSIT,2021,0
CANINE HANDLER,OTHER,2021,0
CANINE HANDLER,PACKAGING DISCREPANCY,2021,1
DISTRIBUTOR,BREAK-IN/BURGLARY,2021,2
DISTRIBUTOR,CUSTOMER THEFT (OR NON EMPLOYEE),2021,4
DISTRIBUTOR,"DISASTER (FIRE, WEATHER, ETC.)",2021,9
DISTRIBUTOR,EMPLOYEE THEFT (OR SUSPECTED),2021,8
DISTRIBUTOR,HIJACKING OF TRANSPORT VEHICLE,2021,18
DISTRIBUTOR,LOSS IN TRANSIT,2021,806
DISTRIBUTOR,OTHER,2021,0
DISTRIBUTOR,PACKAGING DISCREPANCY,2021,176
DISTRIBUTOR,ROBBERY,2021,7
EXPORTER,LOSS IN TRANSIT,2021,1
EXPORTER,OTHER,2021,0
HOSPITAL,BREAK-IN/BURGLARY,2021,4
HOSPITAL,CUSTOMER THEFT (OR NON EMPLOYEE),2021,72
HOSPITAL,"DISASTER (FIRE, WEATHER, ETC.)",2021,10
HOSPITAL,EMPLOYEE THEFT (OR SUSPECTED),2021,2052
HOSPITAL,HIJACKING OF TRANSPORT VEHICLE,2021,0
HOSPITAL,LOSS IN TRANSIT,2021,824
HOSPITAL,OTHER,2021,0
HOSPITAL,PACKAGING DISCREPANCY,2021,382
HOSPITAL,ROBBERY,2021,5
IMPORTER,"DISASTER (FIRE, WEATHER, ETC.)",2021,1
IMPORTER,LOSS IN TRANSIT,2021,4
IMPORTER,OTHER,2021,0
IMPORTER,PACKAGING DISCREPANCY,2021,0
MANUFACTURER,BREAK-IN/BURGLARY,2021,0
MANUFACTURER,CUSTOMER THEFT (OR NON EMPLOYEE),2021,0
MANUFACTURER,"DISASTER (FIRE, WEATHER, ETC.)",2021,1
MANUFACTURER,EMPLOYEE THEFT (OR SUSPECTED),2021,11
MANUFACTURER,LOSS IN TRANSIT,2021,50
MANUFACTURER,OTHER,2021,0
MANUFACTURER,PACKAGING DISCREPANCY,2021,20
MANUFACTURER,ROBBERY,2021,0
MID LEVEL PRACTITIONER,BREAK-IN/BURGLARY,2021,2
MID LEVEL PRACTITIONER,CUSTOMER THEFT (OR NON EMPLOYEE),2021,7
MID LEVEL PRACTITIONER,"DISASTER (FIRE, WEATHER, ETC.)",2021,8
MID LEVEL PRACTITIONER,EMPLOYEE THEFT (OR SUSPECTED),2021,42
MID LEVEL PRACTITIONER,LOSS IN TRANSIT,2021,0
MID LEVEL PRACTITIONER,OTHER,2021,0
MID LEVEL PRACTITIONER,PACKAGING DISCREPANCY,2021,6
MID LEVEL PRACTITIONER,ROBBERY,2021,1
NTP,BREAK-IN/BURGLARY,2021,1
NTP,CUSTOMER THEFT (OR NON EMPLOYEE),2021,8
NTP,"DISASTER (FIRE, WEATHER, ETC.)",2021,5
NTP,EMPLOYEE THEFT (OR SUSPECTED),2021,13
NTP,LOSS IN TRANSIT,2021,5
NTP,OTHER,2021,0
NTP,PACKAGING DISCREPANCY,2021,61
NTP,ROBBERY,2021,0
PHARMACY,BREAK-IN/BURGLARY,2021,747
PHARMACY,CUSTOMER THEFT (OR NON EMPLOYEE),2021,287
PHARMACY,"DISASTER (FIRE, WEATHER, ETC.)",2021,30
PHARMACY,EMPLOYEE THEFT (OR SUSPECTED),2021,2646
PHARMACY,HIJACKING OF TRANSPORT VEHICLE,2021,11
PHARMACY,LOSS IN TRANSIT,2021,9284
PHARMACY,OTHER,2021,0
PHARMACY,PACKAGING DISCREPANCY,2021,4912
PHARMACY,ROBBERY,2021,440
PRACTITIONER,BREAK-IN/BURGLARY,2021,24
PRACTITIONER,CUSTOMER THEFT (OR NON EMPLOYEE),2021,49
PRACTITIONER,"DISASTER (FIRE, WEATHER, ETC.)",2021,32
PRACTITIONER,EMPLOYEE THEFT (OR SUSPECTED),2021,299
PRACTITIONER,HIJACKING OF TRANSPORT VEHICLE,2021,0
PRACTITIONER,LOSS IN TRANSIT,2021,73
PRACTITIONER,OTHER,2021,0
PRACTITIONER,PACKAGING DISCREPANCY,2021,94
PRACTITIONER,ROBBERY,2021,3
RESEARCHER,BREAK-IN/BURGLARY,2021,1
RESEARCHER,CUSTOMER THEFT (OR NON EMPLOYEE),2021,0
RESEARCHER,"DISASTER (FIRE, WEATHER, ETC.)",2021,4
RESEARCHER,EMPLOYEE THEFT (OR SUSPECTED),2021,5
RESEARCHER,LOSS IN TRANSIT,2021,3
RESEARCHER,OTHER,2021,0
RESEARCHER,PACKAGING DISCREPANCY,2021,3
REVERSE DISTRIBUTOR,BREAK-IN/BURGLARY,2021,0
REVERSE DISTRIBUTOR,CUSTOMER THEFT (OR NON EMPLOYEE),2021,301
REVERSE DISTRIBUTOR,"DISASTER (FIRE, WEATHER, ETC.)",2021,0
REVERSE DISTRIBUTOR,EMPLOYEE THEFT (OR SUSPECTED),2021,39
REVERSE DISTRIBUTOR,LOSS IN TRANSIT,2021,760
REVERSE DISTRIBUTOR,OTHER,2021,0
REVERSE DISTRIBUTOR,PACKAGING DISCREPANCY,2021,2845
TEACHING INSTITUTION,EMPLOYEE THEFT (OR SUSPECTED),2021,1
TEACHING INSTITUTION,LOSS IN TRANSIT,2021,0
TEACHING INSTITUTION,OTHER,2021,0
TEACHING INSTITUTION,PACKAGING DISCREPANCY,2021,1
ANALYTICAL LAB,CUSTOMER THEFT (OR NON EMPLOYEE),JAN-SEP 2022,0
ANALYTICAL LAB,EMPLOYEE THEFT (OR SUSPECTED),JAN-SEP 2022,0
ANALYTICAL LAB,LOSS IN TRANSIT,JAN-SEP 2022,2
ANALYTICAL LAB,OTHER,JAN-SEP 2022,0
ANALYTICAL LAB,PACKAGING DISCREPANCY,JAN-SEP 2022,0
CANINE HANDLER,BREAK-IN/BURGLARY,JAN-SEP 2022,0
CANINE HANDLER,"DISASTER (FIRE, WEATHER, ETC.)",JAN-SEP 2022,1
CANINE HANDLER,EMPLOYEE THEFT (OR SUSPECTED),JAN-SEP 2022,0
CANINE HANDLER,LOSS IN TRANSIT,JAN-SEP 2022,0
CANINE HANDLER,OTHER,JAN-SEP 2022,0
CANINE HANDLER,PACKAGING DISCREPANCY,JAN-SEP 2022,0
DISTRIBUTOR,BREAK-IN/BURGLARY,JAN-SEP 2022,5
DISTRIBUTOR,CUSTOMER THEFT (OR NON EMPLOYEE),JAN-SEP 2022,4
DISTRIBUTOR,"DISASTER (FIRE, WEATHER, ETC.)",JAN-SEP 2022,8
DISTRIBUTOR,EMPLOYEE THEFT (OR SUSPECTED),JAN-SEP 2022,9
DISTRIBUTOR,HIJACKING OF TRANSPORT VEHICLE,JAN-SEP 2022,9
DISTRIBUTOR,LOSS IN TRANSIT,JAN-SEP 2022,597
DISTRIBUTOR,OTHER,JAN-SEP 2022,0
DISTRIBUTOR,PACKAGING DISCREPANCY,JAN-SEP 2022,144
DISTRIBUTOR,ROBBERY,JAN-SEP 2022,5
EXPORTER,LOSS IN TRANSIT,JAN-SEP 2022,2
EXPORTER,OTHER,JAN-SEP 2022,0
HOSPITAL,BREAK-IN/BURGLARY,JAN-SEP 2022,4
HOSPITAL,CUSTOMER THEFT (OR NON EMPLOYEE),JAN-SEP 2022,54
HOSPITAL,"DISASTER (FIRE, WEATHER, ETC.)",JAN-SEP 2022,11
HOSPITAL,EMPLOYEE THEFT (OR SUSPECTED),JAN-SEP 2022,1327
HOSPITAL,HIJACKING OF TRANSPORT VEHICLE,JAN-SEP 2022,0
HOSPITAL,LOSS IN TRANSIT,JAN-SEP 2022,669
HOSPITAL,OTHER,JAN-SEP 2022,0
HOSPITAL,PACKAGING DISCREPANCY,JAN-SEP 2022,290
HOSPITAL,ROBBERY,JAN-SEP 2022,5
IMPORTER,"DISASTER (FIRE, WEATHER, ETC.)",JAN-SEP 2022,0
IMPORTER,LOSS IN TRANSIT,JAN-SEP 2022,2
IMPORTER,OTHER,JAN-SEP 2022,0
IMPORTER,PACKAGING DISCREPANCY,JAN-SEP 2022,0
MANUFACTURER,BREAK-IN/BURGLARY,JAN-SEP 2022,0
MANUFACTURER,CUSTOMER THEFT (OR NON EMPLOYEE),JAN-SEP 2022,0
MANUFACTURER,"DISASTER (FIRE, WEATHER, ETC.)",JAN-SEP 2022,0
MANUFACTURER,EMPLOYEE THEFT (OR SUSPECTED),JAN-SEP 2022,9
MANUFACTURER,LOSS IN TRANSIT,JAN-SEP 2022,35
MANUFACTURER,OTHER,JAN-SEP 2022,0
MANUFACTURER,PACKAGING DISCREPANCY,JAN-SEP 2022,15
MANUFACTURER,ROBBERY,JAN-SEP 2022,0
MID LEVEL PRACTITIONER,BREAK-IN/BURGLARY,JAN-SEP 2022,4
MID LEVEL PRACTITIONER,CUSTOMER THEFT (OR NON EMPLOYEE),JAN-SEP 2022,7
MID LEVEL PRACTITIONER,"DISASTER (FIRE, WEATHER, ETC.)",JAN-SEP 2022,3
MID LEVEL PRACTITIONER,EMPLOYEE THEFT (OR SUSPECTED),JAN-SEP 2022,31
MID LEVEL PRACTITIONER,LOSS IN TRANSIT,JAN-SEP 2022,3
MID LEVEL PRACTITIONER,OTHER,JAN-SEP 2022,0
MID LEVEL PRACTITIONER,PACKAGING DISCREPANCY,JAN-SEP 2022,3
MID LEVEL PRACTITIONER,ROBBERY,JAN-SEP 2022,2
NTP,BREAK-IN/BURGLARY,JAN-SEP 2022,0
NTP,CUSTOMER THEFT (OR NON EMPLOYEE),JAN-SEP 2022,3
NTP,"DISASTER (FIRE, WEATHER, ETC.)",JAN-SEP 2022,4
NTP,EMPLOYEE THEFT (OR SUSPECTED),JAN-SEP 2022,4
NTP,LOSS IN TRANSIT,JAN-SEP 2022,4
NTP,OTHER,JAN-SEP 2022,0
NTP,PACKAGING DISCREPANCY,JAN-SEP 2022,19
NTP,ROBBERY,JAN-SEP 2022,1
PHARMACY,BREAK-IN/BURGLARY,JAN-SEP 2022,604
PHARMACY,CUSTOMER THEFT (OR NON EMPLOYEE),JAN-SEP 2022,206
PHARMACY,"DISASTER (FIRE, WEATHER, ETC.)",JAN-SEP 2022,22
PHARMACY,EMPLOYEE THEFT (OR SUSPECTED),JAN-SEP 2022,2259
PHARMACY,HIJACKING OF TRANSPORT VEHICLE,JAN-SEP 2022,4
PHARMACY,LOSS IN TRANSIT,JAN-SEP 2022,6675
PHARMACY,OTHER,JAN-SEP 2022,0
PHARMACY,PACKAGING DISCREPANCY,JAN-SEP 2022,3622
PHARMACY,ROBBERY,JAN-SEP 2022,357
PRACTITIONER,BREAK-IN/BURGLARY,JAN-SEP 2022,28
PRACTITIONER,CUSTOMER THEFT (OR NON EMPLOYEE),JAN-SEP 2022,53
PRACTITIONER,"DISASTER (FIRE, WEATHER, ETC.)",JAN-SEP 2022,26
PRACTITIONER,EMPLOYEE THEFT (OR SUSPECTED),JAN-SEP 2022,192
PRACTITIONER,HIJACKING OF TRANSPORT VEHICLE,JAN-SEP 2022,1
PRACTITIONER,LOSS IN TRANSIT,JAN-SEP 2022,36
PRACTITIONER,OTHER,JAN-SEP 2022,0
PRACTITIONER,PACKAGING DISCREPANCY,JAN-SEP 2022,70
PRACTITIONER,ROBBERY,JAN-SEP 2022,3
RESEARCHER,BREAK-IN/BURGLARY,JAN-SEP 2022,0
RESEARCHER,CUSTOMER THEFT (OR NON EMPLOYEE),JAN-SEP 2022,0
RESEARCHER,"DISASTER (FIRE, WEATHER, ETC.)",JAN-SEP 2022,2
RESEARCHER,EMPLOYEE THEFT (OR SUSPECTED),JAN-SEP 2022,3
RESEARCHER,LOSS IN TRANSIT,JAN-SEP 2022,3
RESEARCHER,OTHER,JAN-SEP 2022,0
RESEARCHER,PACKAGING DISCREPANCY,JAN-SEP 2022,1
REVERSE DISTRIBUTOR,BREAK-IN/BURGLARY,JAN-SEP 2022,0
REVERSE DISTRIBUTOR,CUSTOMER THEFT (OR NON EMPLOYEE),JAN-SEP 2022,378
REVERSE DISTRIBUTOR,"DISASTER (FIRE, WEATHER, ETC.)",JAN-SEP 2022,0
REVERSE DISTRIBUTOR,EMPLOYEE THEFT (OR SUSPECTED),JAN-SEP 2022,61
REVERSE DISTRIBUTOR,LOSS IN TRANSIT,JAN-SEP 2022,33
REVERSE DISTRIBUTOR,OTHER,JAN-SEP 2022,0
REVERSE DISTRIBUTOR,PACKAGING DISCREPANCY,JAN-SEP 2022,3498
TEACHING INSTITUTION,EMPLOYEE THEFT (OR SUSPECTED),JAN-SEP 2022,0
TEACHING INSTITUTION,LOSS IN TRANSIT,JAN-SEP 2022,0
TEACHING INSTITUTION,OTHER,JAN-SEP 2022,0
TEACHING INSTITUTION,PACKAGING DISCREPANCY,JAN-SEP 2022,0
